batch_id,kind,target_year,policy,course_code,level,selection_status,reason,run_id,category_id,category_code,category,academic_year,semester_group,source_key,source_retrieved_at,ruleset_version,positive_items,review_items,positive_score,review_score,is_positive
3,live,2026,prefer_s2,INFS1000,UG,selected,prefer_s2; lexical source-key tie-break; selected https://www.sydney.edu.au/units/INFS1000/2026-S2C-ND-CC; 2 offering(s) discovered,29,1,work_integrated_applied,Work-Integrated and Applied Learning,2026,S2,2026-S2C-ND-CC,2026-09-11T04:52:42.317330+00:00,2026-09-08-final-active-v1,0,0,0.00,0.00,0
3,live,2026,prefer_s2,INFS1000,UG,selected,prefer_s2; lexical source-key tie-break; selected https://www.sydney.edu.au/units/INFS1000/2026-S2C-ND-CC; 2 offering(s) discovered,29,7,technology_mediated_learning,Technology-Mediated Learning,2026,S2,2026-S2C-ND-CC,2026-09-11T04:52:42.317330+00:00,2026-09-08-final-active-v1,0,0,0.00,0.00,0
3,live,2026,prefer_s2,INFS1000,UG,selected,prefer_s2; lexical source-key tie-break; selected https://www.sydney.edu.au/units/INFS1000/2026-S2C-ND-CC; 2 offering(s) discovered,29,2,simulation,Simulation,2026,S2,2026-S2C-ND-CC,2026-09-11T04:52:42.317330+00:00,2026-09-08-final-active-v1,0,0,0.00,0.00,0
3,live,2026,prefer_s2,INFS1000,UG,selected,prefer_s2; lexical source-key tie-break; selected https://www.sydney.edu.au/units/INFS1000/2026-S2C-ND-CC; 2 offering(s) discovered,29,4,project_problem_based,Project- and Problem-Based Learning,2026,S2,2026-S2C-ND-CC,2026-09-11T04:52:42.317330+00:00,2026-09-08-final-active-v1,0,0,0.00,0.00,0
3,live,2026,prefer_s2,INFS1000,UG,selected,prefer_s2; lexical source-key tie-break; selected https://www.sydney.edu.au/units/INFS1000/2026-S2C-ND-CC; 2 offering(s) discovered,29,8,hybrid_learning,Hybrid Learning,2026,S2,2026-S2C-ND-CC,2026-09-11T04:52:42.317330+00:00,2026-09-08-final-active-v1,0,0,0.00,0.00,0
3,live,2026,prefer_s2,INFS1000,UG,selected,prefer_s2; lexical source-key tie-break; selected https://www.sydney.edu.au/units/INFS1000/2026-S2C-ND-CC; 2 offering(s) discovered,29,6,entrepreneurial_learning,Entrepreneurial Learning,2026,S2,2026-S2C-ND-CC,2026-09-11T04:52:42.317330+00:00,2026-09-08-final-active-v1,0,0,0.00,0.00,0
3,live,2026,prefer_s2,INFS1000,UG,selected,prefer_s2; lexical source-key tie-break; selected https://www.sydney.edu.au/units/INFS1000/2026-S2C-ND-CC; 2 offering(s) discovered,29,5,community_learning,Community Learning,2026,S2,2026-S2C-ND-CC,2026-09-11T04:52:42.317330+00:00,2026-09-08-final-active-v1,0,0,0.00,0.00,0
3,live,2026,prefer_s2,INFS1000,UG,selected,prefer_s2; lexical source-key tie-break; selected https://www.sydney.edu.au/units/INFS1000/2026-S2C-ND-CC; 2 offering(s) discovered,29,3,case_based,Case-Based Learning,2026,S2,2026-S2C-ND-CC,2026-09-11T04:52:42.317330+00:00,2026-09-08-final-active-v1,0,0,0.00,0.00,0
3,live,2026,prefer_s2,INFS1020,UG,selected,prefer_s2; lexical source-key tie-break; selected https://www.sydney.edu.au/units/INFS1020/2026-S2C-ND-CC; 2 offering(s) discovered,31,1,work_integrated_applied,Work-Integrated and Applied Learning,2026,S2,2026-S2C-ND-CC,2026-09-11T04:52:43.394921+00:00,2026-09-08-final-active-v1,0,0,0.00,0.00,0
3,live,2026,prefer_s2,INFS1020,UG,selected,prefer_s2; lexical source-key tie-break; selected https://www.sydney.edu.au/units/INFS1020/2026-S2C-ND-CC; 2 offering(s) discovered,31,7,technology_mediated_learning,Technology-Mediated Learning,2026,S2,2026-S2C-ND-CC,2026-09-11T04:52:43.394921+00:00,2026-09-08-final-active-v1,0,0,0.00,0.00,0
3,live,2026,prefer_s2,INFS1020,UG,selected,prefer_s2; lexical source-key tie-break; selected https://www.sydney.edu.au/units/INFS1020/2026-S2C-ND-CC; 2 offering(s) discovered,31,2,simulation,Simulation,2026,S2,2026-S2C-ND-CC,2026-09-11T04:52:43.394921+00:00,2026-09-08-final-active-v1,0,0,0.00,0.00,0
3,live,2026,prefer_s2,INFS1020,UG,selected,prefer_s2; lexical source-key tie-break; selected https://www.sydney.edu.au/units/INFS1020/2026-S2C-ND-CC; 2 offering(s) discovered,31,4,project_problem_based,Project- and Problem-Based Learning,2026,S2,2026-S2C-ND-CC,2026-09-11T04:52:43.394921+00:00,2026-09-08-final-active-v1,0,0,0.00,0.00,0
3,live,2026,prefer_s2,INFS1020,UG,selected,prefer_s2; lexical source-key tie-break; selected https://www.sydney.edu.au/units/INFS1020/2026-S2C-ND-CC; 2 offering(s) discovered,31,8,hybrid_learning,Hybrid Learning,2026,S2,2026-S2C-ND-CC,2026-09-11T04:52:43.394921+00:00,2026-09-08-final-active-v1,0,0,0.00,0.00,0
3,live,2026,prefer_s2,INFS1020,UG,selected,prefer_s2; lexical source-key tie-break; selected https://www.sydney.edu.au/units/INFS1020/2026-S2C-ND-CC; 2 offering(s) discovered,31,6,entrepreneurial_learning,Entrepreneurial Learning,2026,S2,2026-S2C-ND-CC,2026-09-11T04:52:43.394921+00:00,2026-09-08-final-active-v1,0,0,0.00,0.00,0
3,live,2026,prefer_s2,INFS1020,UG,selected,prefer_s2; lexical source-key tie-break; selected https://www.sydney.edu.au/units/INFS1020/2026-S2C-ND-CC; 2 offering(s) discovered,31,5,community_learning,Community Learning,2026,S2,2026-S2C-ND-CC,2026-09-11T04:52:43.394921+00:00,2026-09-08-final-active-v1,0,0,0.00,0.00,0
3,live,2026,prefer_s2,INFS1020,UG,selected,prefer_s2; lexical source-key tie-break; selected https://www.sydney.edu.au/units/INFS1020/2026-S2C-ND-CC; 2 offering(s) discovered,31,3,case_based,Case-Based Learning,2026,S2,2026-S2C-ND-CC,2026-09-11T04:52:43.394921+00:00,2026-09-08-final-active-v1,0,0,0.00,0.00,0
3,live,2026,prefer_s2,INFS2010,UG,selected,prefer_s2; lexical source-key tie-break; selected https://www.sydney.edu.au/units/INFS2010/2026-S2C-ND-CC; 1 offering(s) discovered,32,1,work_integrated_applied,Work-Integrated and Applied Learning,2026,S2,2026-S2C-ND-CC,2026-09-11T04:52:44.279433+00:00,2026-09-08-final-active-v1,2,0,7.00,0.00,1
3,live,2026,prefer_s2,INFS2010,UG,selected,prefer_s2; lexical source-key tie-break; selected https://www.sydney.edu.au/units/INFS2010/2026-S2C-ND-CC; 1 offering(s) discovered,32,7,technology_mediated_learning,Technology-Mediated Learning,2026,S2,2026-S2C-ND-CC,2026-09-11T04:52:44.279433+00:00,2026-09-08-final-active-v1,0,0,0.00,0.00,0
3,live,2026,prefer_s2,INFS2010,UG,selected,prefer_s2; lexical source-key tie-break; selected https://www.sydney.edu.au/units/INFS2010/2026-S2C-ND-CC; 1 offering(s) discovered,32,2,simulation,Simulation,2026,S2,2026-S2C-ND-CC,2026-09-11T04:52:44.279433+00:00,2026-09-08-final-active-v1,0,0,0.00,0.00,0
3,live,2026,prefer_s2,INFS2010,UG,selected,prefer_s2; lexical source-key tie-break; selected https://www.sydney.edu.au/units/INFS2010/2026-S2C-ND-CC; 1 offering(s) discovered,32,4,project_problem_based,Project- and Problem-Based Learning,2026,S2,2026-S2C-ND-CC,2026-09-11T04:52:44.279433+00:00,2026-09-08-final-active-v1,0,0,0.00,0.00,0
3,live,2026,prefer_s2,INFS2010,UG,selected,prefer_s2; lexical source-key tie-break; selected https://www.sydney.edu.au/units/INFS2010/2026-S2C-ND-CC; 1 offering(s) discovered,32,8,hybrid_learning,Hybrid Learning,2026,S2,2026-S2C-ND-CC,2026-09-11T04:52:44.279433+00:00,2026-09-08-final-active-v1,0,0,0.00,0.00,0
3,live,2026,prefer_s2,INFS2010,UG,selected,prefer_s2; lexical source-key tie-break; selected https://www.sydney.edu.au/units/INFS2010/2026-S2C-ND-CC; 1 offering(s) discovered,32,6,entrepreneurial_learning,Entrepreneurial Learning,2026,S2,2026-S2C-ND-CC,2026-09-11T04:52:44.279433+00:00,2026-09-08-final-active-v1,0,0,0.00,0.00,0
3,live,2026,prefer_s2,INFS2010,UG,selected,prefer_s2; lexical source-key tie-break; selected https://www.sydney.edu.au/units/INFS2010/2026-S2C-ND-CC; 1 offering(s) discovered,32,5,community_learning,Community Learning,2026,S2,2026-S2C-ND-CC,2026-09-11T04:52:44.279433+00:00,2026-09-08-final-active-v1,0,0,0.00,0.00,0
3,live,2026,prefer_s2,INFS2010,UG,selected,prefer_s2; lexical source-key tie-break; selected https://www.sydney.edu.au/units/INFS2010/2026-S2C-ND-CC; 1 offering(s) discovered,32,3,case_based,Case-Based Learning,2026,S2,2026-S2C-ND-CC,2026-09-11T04:52:44.279433+00:00,2026-09-08-final-active-v1,0,0,0.00,0.00,0
3,live,2026,prefer_s2,INFS2030,UG,selected,prefer_s2; lexical source-key tie-break; selected https://www.sydney.edu.au/units/INFS2030/2026-S1C-ND-CC; 1 offering(s) discovered,33,1,work_integrated_applied,Work-Integrated and Applied Learning,2026,S1,2026-S1C-ND-CC,2026-09-11T04:52:45.213703+00:00,2026-09-08-final-active-v1,2,0,7.00,0.00,1
3,live,2026,prefer_s2,INFS2030,UG,selected,prefer_s2; lexical source-key tie-break; selected https://www.sydney.edu.au/units/INFS2030/2026-S1C-ND-CC; 1 offering(s) discovered,33,7,technology_mediated_learning,Technology-Mediated Learning,2026,S1,2026-S1C-ND-CC,2026-09-11T04:52:45.213703+00:00,2026-09-08-final-active-v1,0,0,0.00,0.00,0
3,live,2026,prefer_s2,INFS2030,UG,selected,prefer_s2; lexical source-key tie-break; selected https://www.sydney.edu.au/units/INFS2030/2026-S1C-ND-CC; 1 offering(s) discovered,33,2,simulation,Simulation,2026,S1,2026-S1C-ND-CC,2026-09-11T04:52:45.213703+00:00,2026-09-08-final-active-v1,0,0,0.00,0.00,0
3,live,2026,prefer_s2,INFS2030,UG,selected,prefer_s2; lexical source-key tie-break; selected https://www.sydney.edu.au/units/INFS2030/2026-S1C-ND-CC; 1 offering(s) discovered,33,4,project_problem_based,Project- and Problem-Based Learning,2026,S1,2026-S1C-ND-CC,2026-09-11T04:52:45.213703+00:00,2026-09-08-final-active-v1,0,0,0.00,0.00,0
3,live,2026,prefer_s2,INFS2030,UG,selected,prefer_s2; lexical source-key tie-break; selected https://www.sydney.edu.au/units/INFS2030/2026-S1C-ND-CC; 1 offering(s) discovered,33,8,hybrid_learning,Hybrid Learning,2026,S1,2026-S1C-ND-CC,2026-09-11T04:52:45.213703+00:00,2026-09-08-final-active-v1,0,0,0.00,0.00,0
3,live,2026,prefer_s2,INFS2030,UG,selected,prefer_s2; lexical source-key tie-break; selected https://www.sydney.edu.au/units/INFS2030/2026-S1C-ND-CC; 1 offering(s) discovered,33,6,entrepreneurial_learning,Entrepreneurial Learning,2026,S1,2026-S1C-ND-CC,2026-09-11T04:52:45.213703+00:00,2026-09-08-final-active-v1,0,0,0.00,0.00,0
3,live,2026,prefer_s2,INFS2030,UG,selected,prefer_s2; lexical source-key tie-break; selected https://www.sydney.edu.au/units/INFS2030/2026-S1C-ND-CC; 1 offering(s) discovered,33,5,community_learning,Community Learning,2026,S1,2026-S1C-ND-CC,2026-09-11T04:52:45.213703+00:00,2026-09-08-final-active-v1,0,0,0.00,0.00,0
3,live,2026,prefer_s2,INFS2030,UG,selected,prefer_s2; lexical source-key tie-break; selected https://www.sydney.edu.au/units/INFS2030/2026-S1C-ND-CC; 1 offering(s) discovered,33,3,case_based,Case-Based Learning,2026,S1,2026-S1C-ND-CC,2026-09-11T04:52:45.213703+00:00,2026-09-08-final-active-v1,0,0,0.00,0.00,0
3,live,2026,prefer_s2,INFS2040,UG,selected,prefer_s2; lexical source-key tie-break; selected https://www.sydney.edu.au/units/INFS2040/2026-S2C-ND-CC; 1 offering(s) discovered,34,1,work_integrated_applied,Work-Integrated and Applied Learning,2026,S2,2026-S2C-ND-CC,2026-09-11T04:52:46.047230+00:00,2026-09-08-final-active-v1,0,0,0.00,0.00,0
3,live,2026,prefer_s2,INFS2040,UG,selected,prefer_s2; lexical source-key tie-break; selected https://www.sydney.edu.au/units/INFS2040/2026-S2C-ND-CC; 1 offering(s) discovered,34,7,technology_mediated_learning,Technology-Mediated Learning,2026,S2,2026-S2C-ND-CC,2026-09-11T04:52:46.047230+00:00,2026-09-08-final-active-v1,0,0,0.00,0.00,0
3,live,2026,prefer_s2,INFS2040,UG,selected,prefer_s2; lexical source-key tie-break; selected https://www.sydney.edu.au/units/INFS2040/2026-S2C-ND-CC; 1 offering(s) discovered,34,2,simulation,Simulation,2026,S2,2026-S2C-ND-CC,2026-09-11T04:52:46.047230+00:00,2026-09-08-final-active-v1,0,0,0.00,0.00,0
3,live,2026,prefer_s2,INFS2040,UG,selected,prefer_s2; lexical source-key tie-break; selected https://www.sydney.edu.au/units/INFS2040/2026-S2C-ND-CC; 1 offering(s) discovered,34,4,project_problem_based,Project- and Problem-Based Learning,2026,S2,2026-S2C-ND-CC,2026-09-11T04:52:46.047230+00:00,2026-09-08-final-active-v1,1,0,3.50,0.00,1
3,live,2026,prefer_s2,INFS2040,UG,selected,prefer_s2; lexical source-key tie-break; selected https://www.sydney.edu.au/units/INFS2040/2026-S2C-ND-CC; 1 offering(s) discovered,34,8,hybrid_learning,Hybrid Learning,2026,S2,2026-S2C-ND-CC,2026-09-11T04:52:46.047230+00:00,2026-09-08-final-active-v1,0,0,0.00,0.00,0
3,live,2026,prefer_s2,INFS2040,UG,selected,prefer_s2; lexical source-key tie-break; selected https://www.sydney.edu.au/units/INFS2040/2026-S2C-ND-CC; 1 offering(s) discovered,34,6,entrepreneurial_learning,Entrepreneurial Learning,2026,S2,2026-S2C-ND-CC,2026-09-11T04:52:46.047230+00:00,2026-09-08-final-active-v1,0,0,0.00,0.00,0
3,live,2026,prefer_s2,INFS2040,UG,selected,prefer_s2; lexical source-key tie-break; selected https://www.sydney.edu.au/units/INFS2040/2026-S2C-ND-CC; 1 offering(s) discovered,34,5,community_learning,Community Learning,2026,S2,2026-S2C-ND-CC,2026-09-11T04:52:46.047230+00:00,2026-09-08-final-active-v1,0,0,0.00,0.00,0
3,live,2026,prefer_s2,INFS2040,UG,selected,prefer_s2; lexical source-key tie-break; selected https://www.sydney.edu.au/units/INFS2040/2026-S2C-ND-CC; 1 offering(s) discovered,34,3,case_based,Case-Based Learning,2026,S2,2026-S2C-ND-CC,2026-09-11T04:52:46.047230+00:00,2026-09-08-final-active-v1,0,0,0.00,0.00,0
3,live,2026,prefer_s2,INFS2050,UG,selected,prefer_s2; lexical source-key tie-break; selected https://www.sydney.edu.au/units/INFS2050/2026-S1C-ND-CC; 1 offering(s) discovered,35,1,work_integrated_applied,Work-Integrated and Applied Learning,2026,S1,2026-S1C-ND-CC,2026-09-11T04:52:46.794241+00:00,2026-09-08-final-active-v1,0,0,0.00,0.00,0
3,live,2026,prefer_s2,INFS2050,UG,selected,prefer_s2; lexical source-key tie-break; selected https://www.sydney.edu.au/units/INFS2050/2026-S1C-ND-CC; 1 offering(s) discovered,35,7,technology_mediated_learning,Technology-Mediated Learning,2026,S1,2026-S1C-ND-CC,2026-09-11T04:52:46.794241+00:00,2026-09-08-final-active-v1,0,0,0.00,0.00,0
3,live,2026,prefer_s2,INFS2050,UG,selected,prefer_s2; lexical source-key tie-break; selected https://www.sydney.edu.au/units/INFS2050/2026-S1C-ND-CC; 1 offering(s) discovered,35,2,simulation,Simulation,2026,S1,2026-S1C-ND-CC,2026-09-11T04:52:46.794241+00:00,2026-09-08-final-active-v1,0,0,0.00,0.00,0
3,live,2026,prefer_s2,INFS2050,UG,selected,prefer_s2; lexical source-key tie-break; selected https://www.sydney.edu.au/units/INFS2050/2026-S1C-ND-CC; 1 offering(s) discovered,35,4,project_problem_based,Project- and Problem-Based Learning,2026,S1,2026-S1C-ND-CC,2026-09-11T04:52:46.794241+00:00,2026-09-08-final-active-v1,0,0,0.00,0.00,0
3,live,2026,prefer_s2,INFS2050,UG,selected,prefer_s2; lexical source-key tie-break; selected https://www.sydney.edu.au/units/INFS2050/2026-S1C-ND-CC; 1 offering(s) discovered,35,8,hybrid_learning,Hybrid Learning,2026,S1,2026-S1C-ND-CC,2026-09-11T04:52:46.794241+00:00,2026-09-08-final-active-v1,0,0,0.00,0.00,0
3,live,2026,prefer_s2,INFS2050,UG,selected,prefer_s2; lexical source-key tie-break; selected https://www.sydney.edu.au/units/INFS2050/2026-S1C-ND-CC; 1 offering(s) discovered,35,6,entrepreneurial_learning,Entrepreneurial Learning,2026,S1,2026-S1C-ND-CC,2026-09-11T04:52:46.794241+00:00,2026-09-08-final-active-v1,0,0,0.00,0.00,0
3,live,2026,prefer_s2,INFS2050,UG,selected,prefer_s2; lexical source-key tie-break; selected https://www.sydney.edu.au/units/INFS2050/2026-S1C-ND-CC; 1 offering(s) discovered,35,5,community_learning,Community Learning,2026,S1,2026-S1C-ND-CC,2026-09-11T04:52:46.794241+00:00,2026-09-08-final-active-v1,0,0,0.00,0.00,0
3,live,2026,prefer_s2,INFS2050,UG,selected,prefer_s2; lexical source-key tie-break; selected https://www.sydney.edu.au/units/INFS2050/2026-S1C-ND-CC; 1 offering(s) discovered,35,3,case_based,Case-Based Learning,2026,S1,2026-S1C-ND-CC,2026-09-11T04:52:46.794241+00:00,2026-09-08-final-active-v1,0,3,0.00,7.50,0
3,live,2026,prefer_s2,INFS3040,UG,selected,prefer_s2; lexical source-key tie-break; selected https://www.sydney.edu.au/units/INFS3040/2026-S2C-ND-CC; 1 offering(s) discovered,36,1,work_integrated_applied,Work-Integrated and Applied Learning,2026,S2,2026-S2C-ND-CC,2026-09-11T04:52:47.280859+00:00,2026-09-08-final-active-v1,0,0,0.00,0.00,0
3,live,2026,prefer_s2,INFS3040,UG,selected,prefer_s2; lexical source-key tie-break; selected https://www.sydney.edu.au/units/INFS3040/2026-S2C-ND-CC; 1 offering(s) discovered,36,7,technology_mediated_learning,Technology-Mediated Learning,2026,S2,2026-S2C-ND-CC,2026-09-11T04:52:47.280859+00:00,2026-09-08-final-active-v1,0,0,0.00,0.00,0
3,live,2026,prefer_s2,INFS3040,UG,selected,prefer_s2; lexical source-key tie-break; selected https://www.sydney.edu.au/units/INFS3040/2026-S2C-ND-CC; 1 offering(s) discovered,36,2,simulation,Simulation,2026,S2,2026-S2C-ND-CC,2026-09-11T04:52:47.280859+00:00,2026-09-08-final-active-v1,0,0,0.00,0.00,0
3,live,2026,prefer_s2,INFS3040,UG,selected,prefer_s2; lexical source-key tie-break; selected https://www.sydney.edu.au/units/INFS3040/2026-S2C-ND-CC; 1 offering(s) discovered,36,4,project_problem_based,Project- and Problem-Based Learning,2026,S2,2026-S2C-ND-CC,2026-09-11T04:52:47.280859+00:00,2026-09-08-final-active-v1,0,0,0.00,0.00,0
3,live,2026,prefer_s2,INFS3040,UG,selected,prefer_s2; lexical source-key tie-break; selected https://www.sydney.edu.au/units/INFS3040/2026-S2C-ND-CC; 1 offering(s) discovered,36,8,hybrid_learning,Hybrid Learning,2026,S2,2026-S2C-ND-CC,2026-09-11T04:52:47.280859+00:00,2026-09-08-final-active-v1,0,0,0.00,0.00,0
3,live,2026,prefer_s2,INFS3040,UG,selected,prefer_s2; lexical source-key tie-break; selected https://www.sydney.edu.au/units/INFS3040/2026-S2C-ND-CC; 1 offering(s) discovered,36,6,entrepreneurial_learning,Entrepreneurial Learning,2026,S2,2026-S2C-ND-CC,2026-09-11T04:52:47.280859+00:00,2026-09-08-final-active-v1,0,0,0.00,0.00,0
3,live,2026,prefer_s2,INFS3040,UG,selected,prefer_s2; lexical source-key tie-break; selected https://www.sydney.edu.au/units/INFS3040/2026-S2C-ND-CC; 1 offering(s) discovered,36,5,community_learning,Community Learning,2026,S2,2026-S2C-ND-CC,2026-09-11T04:52:47.280859+00:00,2026-09-08-final-active-v1,0,0,0.00,0.00,0
3,live,2026,prefer_s2,INFS3040,UG,selected,prefer_s2; lexical source-key tie-break; selected https://www.sydney.edu.au/units/INFS3040/2026-S2C-ND-CC; 1 offering(s) discovered,36,3,case_based,Case-Based Learning,2026,S2,2026-S2C-ND-CC,2026-09-11T04:52:47.280859+00:00,2026-09-08-final-active-v1,0,0,0.00,0.00,0
3,live,2026,prefer_s2,INFS3050,UG,selected,prefer_s2; lexical source-key tie-break; selected https://www.sydney.edu.au/units/INFS3050/2026-S1C-ND-CC; 1 offering(s) discovered,37,1,work_integrated_applied,Work-Integrated and Applied Learning,2026,S1,2026-S1C-ND-CC,2026-09-11T04:52:47.812970+00:00,2026-09-08-final-active-v1,0,0,0.00,0.00,0
3,live,2026,prefer_s2,INFS3050,UG,selected,prefer_s2; lexical source-key tie-break; selected https://www.sydney.edu.au/units/INFS3050/2026-S1C-ND-CC; 1 offering(s) discovered,37,7,technology_mediated_learning,Technology-Mediated Learning,2026,S1,2026-S1C-ND-CC,2026-09-11T04:52:47.812970+00:00,2026-09-08-final-active-v1,0,0,0.00,0.00,0
3,live,2026,prefer_s2,INFS3050,UG,selected,prefer_s2; lexical source-key tie-break; selected https://www.sydney.edu.au/units/INFS3050/2026-S1C-ND-CC; 1 offering(s) discovered,37,2,simulation,Simulation,2026,S1,2026-S1C-ND-CC,2026-09-11T04:52:47.812970+00:00,2026-09-08-final-active-v1,0,0,0.00,0.00,0
3,live,2026,prefer_s2,INFS3050,UG,selected,prefer_s2; lexical source-key tie-break; selected https://www.sydney.edu.au/units/INFS3050/2026-S1C-ND-CC; 1 offering(s) discovered,37,4,project_problem_based,Project- and Problem-Based Learning,2026,S1,2026-S1C-ND-CC,2026-09-11T04:52:47.812970+00:00,2026-09-08-final-active-v1,0,0,0.00,0.00,0
3,live,2026,prefer_s2,INFS3050,UG,selected,prefer_s2; lexical source-key tie-break; selected https://www.sydney.edu.au/units/INFS3050/2026-S1C-ND-CC; 1 offering(s) discovered,37,8,hybrid_learning,Hybrid Learning,2026,S1,2026-S1C-ND-CC,2026-09-11T04:52:47.812970+00:00,2026-09-08-final-active-v1,0,0,0.00,0.00,0
3,live,2026,prefer_s2,INFS3050,UG,selected,prefer_s2; lexical source-key tie-break; selected https://www.sydney.edu.au/units/INFS3050/2026-S1C-ND-CC; 1 offering(s) discovered,37,6,entrepreneurial_learning,Entrepreneurial Learning,2026,S1,2026-S1C-ND-CC,2026-09-11T04:52:47.812970+00:00,2026-09-08-final-active-v1,0,0,0.00,0.00,0
3,live,2026,prefer_s2,INFS3050,UG,selected,prefer_s2; lexical source-key tie-break; selected https://www.sydney.edu.au/units/INFS3050/2026-S1C-ND-CC; 1 offering(s) discovered,37,5,community_learning,Community Learning,2026,S1,2026-S1C-ND-CC,2026-09-11T04:52:47.812970+00:00,2026-09-08-final-active-v1,0,0,0.00,0.00,0
3,live,2026,prefer_s2,INFS3050,UG,selected,prefer_s2; lexical source-key tie-break; selected https://www.sydney.edu.au/units/INFS3050/2026-S1C-ND-CC; 1 offering(s) discovered,37,3,case_based,Case-Based Learning,2026,S1,2026-S1C-ND-CC,2026-09-11T04:52:47.812970+00:00,2026-09-08-final-active-v1,1,0,4.00,0.00,1
3,live,2026,prefer_s2,INFS3080,UG,missing,No 2026 outline satisfying prefer_s2,,1,work_integrated_applied,Work-Integrated and Applied Learning,,,,,,,,,,
3,live,2026,prefer_s2,INFS3080,UG,missing,No 2026 outline satisfying prefer_s2,,7,technology_mediated_learning,Technology-Mediated Learning,,,,,,,,,,
3,live,2026,prefer_s2,INFS3080,UG,missing,No 2026 outline satisfying prefer_s2,,2,simulation,Simulation,,,,,,,,,,
3,live,2026,prefer_s2,INFS3080,UG,missing,No 2026 outline satisfying prefer_s2,,4,project_problem_based,Project- and Problem-Based Learning,,,,,,,,,,
3,live,2026,prefer_s2,INFS3080,UG,missing,No 2026 outline satisfying prefer_s2,,8,hybrid_learning,Hybrid Learning,,,,,,,,,,
3,live,2026,prefer_s2,INFS3080,UG,missing,No 2026 outline satisfying prefer_s2,,6,entrepreneurial_learning,Entrepreneurial Learning,,,,,,,,,,
3,live,2026,prefer_s2,INFS3080,UG,missing,No 2026 outline satisfying prefer_s2,,5,community_learning,Community Learning,,,,,,,,,,
3,live,2026,prefer_s2,INFS3080,UG,missing,No 2026 outline satisfying prefer_s2,,3,case_based,Case-Based Learning,,,,,,,,,,
3,live,2026,prefer_s2,INFS3120,UG,selected,prefer_s2; lexical source-key tie-break; selected https://www.sydney.edu.au/units/INFS3120/2026-S1C-ND-CC; 1 offering(s) discovered,38,1,work_integrated_applied,Work-Integrated and Applied Learning,2026,S1,2026-S1C-ND-CC,2026-09-11T04:52:48.827246+00:00,2026-09-08-final-active-v1,0,0,0.00,0.00,0
3,live,2026,prefer_s2,INFS3120,UG,selected,prefer_s2; lexical source-key tie-break; selected https://www.sydney.edu.au/units/INFS3120/2026-S1C-ND-CC; 1 offering(s) discovered,38,7,technology_mediated_learning,Technology-Mediated Learning,2026,S1,2026-S1C-ND-CC,2026-09-11T04:52:48.827246+00:00,2026-09-08-final-active-v1,0,0,0.00,0.00,0
3,live,2026,prefer_s2,INFS3120,UG,selected,prefer_s2; lexical source-key tie-break; selected https://www.sydney.edu.au/units/INFS3120/2026-S1C-ND-CC; 1 offering(s) discovered,38,2,simulation,Simulation,2026,S1,2026-S1C-ND-CC,2026-09-11T04:52:48.827246+00:00,2026-09-08-final-active-v1,0,0,0.00,0.00,0
3,live,2026,prefer_s2,INFS3120,UG,selected,prefer_s2; lexical source-key tie-break; selected https://www.sydney.edu.au/units/INFS3120/2026-S1C-ND-CC; 1 offering(s) discovered,38,4,project_problem_based,Project- and Problem-Based Learning,2026,S1,2026-S1C-ND-CC,2026-09-11T04:52:48.827246+00:00,2026-09-08-final-active-v1,0,0,0.00,0.00,0
3,live,2026,prefer_s2,INFS3120,UG,selected,prefer_s2; lexical source-key tie-break; selected https://www.sydney.edu.au/units/INFS3120/2026-S1C-ND-CC; 1 offering(s) discovered,38,8,hybrid_learning,Hybrid Learning,2026,S1,2026-S1C-ND-CC,2026-09-11T04:52:48.827246+00:00,2026-09-08-final-active-v1,0,0,0.00,0.00,0
3,live,2026,prefer_s2,INFS3120,UG,selected,prefer_s2; lexical source-key tie-break; selected https://www.sydney.edu.au/units/INFS3120/2026-S1C-ND-CC; 1 offering(s) discovered,38,6,entrepreneurial_learning,Entrepreneurial Learning,2026,S1,2026-S1C-ND-CC,2026-09-11T04:52:48.827246+00:00,2026-09-08-final-active-v1,0,0,0.00,0.00,0
3,live,2026,prefer_s2,INFS3120,UG,selected,prefer_s2; lexical source-key tie-break; selected https://www.sydney.edu.au/units/INFS3120/2026-S1C-ND-CC; 1 offering(s) discovered,38,5,community_learning,Community Learning,2026,S1,2026-S1C-ND-CC,2026-09-11T04:52:48.827246+00:00,2026-09-08-final-active-v1,0,0,0.00,0.00,0
3,live,2026,prefer_s2,INFS3120,UG,selected,prefer_s2; lexical source-key tie-break; selected https://www.sydney.edu.au/units/INFS3120/2026-S1C-ND-CC; 1 offering(s) discovered,38,3,case_based,Case-Based Learning,2026,S1,2026-S1C-ND-CC,2026-09-11T04:52:48.827246+00:00,2026-09-08-final-active-v1,0,3,0.00,7.50,0
3,live,2026,prefer_s2,INFS3400,UG,selected,prefer_s2; lexical source-key tie-break; selected https://www.sydney.edu.au/units/INFS3400/2026-S2C-ND-CC; 4 offering(s) discovered,41,1,work_integrated_applied,Work-Integrated and Applied Learning,2026,S2,2026-S2C-ND-CC,2026-09-11T04:52:50.403118+00:00,2026-09-08-final-active-v1,1,0,4.00,0.00,1
3,live,2026,prefer_s2,INFS3400,UG,selected,prefer_s2; lexical source-key tie-break; selected https://www.sydney.edu.au/units/INFS3400/2026-S2C-ND-CC; 4 offering(s) discovered,41,7,technology_mediated_learning,Technology-Mediated Learning,2026,S2,2026-S2C-ND-CC,2026-09-11T04:52:50.403118+00:00,2026-09-08-final-active-v1,0,0,0.00,0.00,0
3,live,2026,prefer_s2,INFS3400,UG,selected,prefer_s2; lexical source-key tie-break; selected https://www.sydney.edu.au/units/INFS3400/2026-S2C-ND-CC; 4 offering(s) discovered,41,2,simulation,Simulation,2026,S2,2026-S2C-ND-CC,2026-09-11T04:52:50.403118+00:00,2026-09-08-final-active-v1,0,0,0.00,0.00,0
3,live,2026,prefer_s2,INFS3400,UG,selected,prefer_s2; lexical source-key tie-break; selected https://www.sydney.edu.au/units/INFS3400/2026-S2C-ND-CC; 4 offering(s) discovered,41,4,project_problem_based,Project- and Problem-Based Learning,2026,S2,2026-S2C-ND-CC,2026-09-11T04:52:50.403118+00:00,2026-09-08-final-active-v1,2,0,8.00,0.00,1
3,live,2026,prefer_s2,INFS3400,UG,selected,prefer_s2; lexical source-key tie-break; selected https://www.sydney.edu.au/units/INFS3400/2026-S2C-ND-CC; 4 offering(s) discovered,41,8,hybrid_learning,Hybrid Learning,2026,S2,2026-S2C-ND-CC,2026-09-11T04:52:50.403118+00:00,2026-09-08-final-active-v1,0,0,0.00,0.00,0
3,live,2026,prefer_s2,INFS3400,UG,selected,prefer_s2; lexical source-key tie-break; selected https://www.sydney.edu.au/units/INFS3400/2026-S2C-ND-CC; 4 offering(s) discovered,41,6,entrepreneurial_learning,Entrepreneurial Learning,2026,S2,2026-S2C-ND-CC,2026-09-11T04:52:50.403118+00:00,2026-09-08-final-active-v1,0,0,0.00,0.00,0
3,live,2026,prefer_s2,INFS3400,UG,selected,prefer_s2; lexical source-key tie-break; selected https://www.sydney.edu.au/units/INFS3400/2026-S2C-ND-CC; 4 offering(s) discovered,41,5,community_learning,Community Learning,2026,S2,2026-S2C-ND-CC,2026-09-11T04:52:50.403118+00:00,2026-09-08-final-active-v1,0,0,0.00,0.00,0
3,live,2026,prefer_s2,INFS3400,UG,selected,prefer_s2; lexical source-key tie-break; selected https://www.sydney.edu.au/units/INFS3400/2026-S2C-ND-CC; 4 offering(s) discovered,41,3,case_based,Case-Based Learning,2026,S2,2026-S2C-ND-CC,2026-09-11T04:52:50.403118+00:00,2026-09-08-final-active-v1,0,0,0.00,0.00,0
3,live,2026,prefer_s2,INFS3600,UG,selected,prefer_s2; lexical source-key tie-break; selected https://www.sydney.edu.au/units/INFS3600/2026-S2C-ND-CC; 2 offering(s) discovered,44,1,work_integrated_applied,Work-Integrated and Applied Learning,2026,S2,2026-S2C-ND-CC,2026-09-11T04:52:51.997774+00:00,2026-09-08-final-active-v1,6,0,27.00,0.00,1
3,live,2026,prefer_s2,INFS3600,UG,selected,prefer_s2; lexical source-key tie-break; selected https://www.sydney.edu.au/units/INFS3600/2026-S2C-ND-CC; 2 offering(s) discovered,44,7,technology_mediated_learning,Technology-Mediated Learning,2026,S2,2026-S2C-ND-CC,2026-09-11T04:52:51.997774+00:00,2026-09-08-final-active-v1,0,0,0.00,0.00,0
3,live,2026,prefer_s2,INFS3600,UG,selected,prefer_s2; lexical source-key tie-break; selected https://www.sydney.edu.au/units/INFS3600/2026-S2C-ND-CC; 2 offering(s) discovered,44,2,simulation,Simulation,2026,S2,2026-S2C-ND-CC,2026-09-11T04:52:51.997774+00:00,2026-09-08-final-active-v1,0,0,0.00,0.00,0
3,live,2026,prefer_s2,INFS3600,UG,selected,prefer_s2; lexical source-key tie-break; selected https://www.sydney.edu.au/units/INFS3600/2026-S2C-ND-CC; 2 offering(s) discovered,44,4,project_problem_based,Project- and Problem-Based Learning,2026,S2,2026-S2C-ND-CC,2026-09-11T04:52:51.997774+00:00,2026-09-08-final-active-v1,2,0,8.00,0.00,1
3,live,2026,prefer_s2,INFS3600,UG,selected,prefer_s2; lexical source-key tie-break; selected https://www.sydney.edu.au/units/INFS3600/2026-S2C-ND-CC; 2 offering(s) discovered,44,8,hybrid_learning,Hybrid Learning,2026,S2,2026-S2C-ND-CC,2026-09-11T04:52:51.997774+00:00,2026-09-08-final-active-v1,0,0,0.00,0.00,0
3,live,2026,prefer_s2,INFS3600,UG,selected,prefer_s2; lexical source-key tie-break; selected https://www.sydney.edu.au/units/INFS3600/2026-S2C-ND-CC; 2 offering(s) discovered,44,6,entrepreneurial_learning,Entrepreneurial Learning,2026,S2,2026-S2C-ND-CC,2026-09-11T04:52:51.997774+00:00,2026-09-08-final-active-v1,0,1,0.00,3.00,0
3,live,2026,prefer_s2,INFS3600,UG,selected,prefer_s2; lexical source-key tie-break; selected https://www.sydney.edu.au/units/INFS3600/2026-S2C-ND-CC; 2 offering(s) discovered,44,5,community_learning,Community Learning,2026,S2,2026-S2C-ND-CC,2026-09-11T04:52:51.997774+00:00,2026-09-08-final-active-v1,0,0,0.00,0.00,0
3,live,2026,prefer_s2,INFS3600,UG,selected,prefer_s2; lexical source-key tie-break; selected https://www.sydney.edu.au/units/INFS3600/2026-S2C-ND-CC; 2 offering(s) discovered,44,3,case_based,Case-Based Learning,2026,S2,2026-S2C-ND-CC,2026-09-11T04:52:51.997774+00:00,2026-09-08-final-active-v1,1,0,4.00,0.00,1
3,live,2026,prefer_s2,INFS5002,PG,selected,prefer_s2; lexical source-key tie-break; selected https://www.sydney.edu.au/units/INFS5002/2026-S2C-ND-CC; 2 offering(s) discovered,46,1,work_integrated_applied,Work-Integrated and Applied Learning,2026,S2,2026-S2C-ND-CC,2026-09-11T04:52:53.199425+00:00,2026-09-08-final-active-v1,1,0,3.50,0.00,1
3,live,2026,prefer_s2,INFS5002,PG,selected,prefer_s2; lexical source-key tie-break; selected https://www.sydney.edu.au/units/INFS5002/2026-S2C-ND-CC; 2 offering(s) discovered,46,7,technology_mediated_learning,Technology-Mediated Learning,2026,S2,2026-S2C-ND-CC,2026-09-11T04:52:53.199425+00:00,2026-09-08-final-active-v1,0,0,0.00,0.00,0
3,live,2026,prefer_s2,INFS5002,PG,selected,prefer_s2; lexical source-key tie-break; selected https://www.sydney.edu.au/units/INFS5002/2026-S2C-ND-CC; 2 offering(s) discovered,46,2,simulation,Simulation,2026,S2,2026-S2C-ND-CC,2026-09-11T04:52:53.199425+00:00,2026-09-08-final-active-v1,0,0,0.00,0.00,0
3,live,2026,prefer_s2,INFS5002,PG,selected,prefer_s2; lexical source-key tie-break; selected https://www.sydney.edu.au/units/INFS5002/2026-S2C-ND-CC; 2 offering(s) discovered,46,4,project_problem_based,Project- and Problem-Based Learning,2026,S2,2026-S2C-ND-CC,2026-09-11T04:52:53.199425+00:00,2026-09-08-final-active-v1,1,0,3.50,0.00,1
3,live,2026,prefer_s2,INFS5002,PG,selected,prefer_s2; lexical source-key tie-break; selected https://www.sydney.edu.au/units/INFS5002/2026-S2C-ND-CC; 2 offering(s) discovered,46,8,hybrid_learning,Hybrid Learning,2026,S2,2026-S2C-ND-CC,2026-09-11T04:52:53.199425+00:00,2026-09-08-final-active-v1,0,0,0.00,0.00,0
3,live,2026,prefer_s2,INFS5002,PG,selected,prefer_s2; lexical source-key tie-break; selected https://www.sydney.edu.au/units/INFS5002/2026-S2C-ND-CC; 2 offering(s) discovered,46,6,entrepreneurial_learning,Entrepreneurial Learning,2026,S2,2026-S2C-ND-CC,2026-09-11T04:52:53.199425+00:00,2026-09-08-final-active-v1,0,0,0.00,0.00,0
3,live,2026,prefer_s2,INFS5002,PG,selected,prefer_s2; lexical source-key tie-break; selected https://www.sydney.edu.au/units/INFS5002/2026-S2C-ND-CC; 2 offering(s) discovered,46,5,community_learning,Community Learning,2026,S2,2026-S2C-ND-CC,2026-09-11T04:52:53.199425+00:00,2026-09-08-final-active-v1,0,0,0.00,0.00,0
3,live,2026,prefer_s2,INFS5002,PG,selected,prefer_s2; lexical source-key tie-break; selected https://www.sydney.edu.au/units/INFS5002/2026-S2C-ND-CC; 2 offering(s) discovered,46,3,case_based,Case-Based Learning,2026,S2,2026-S2C-ND-CC,2026-09-11T04:52:53.199425+00:00,2026-09-08-final-active-v1,0,0,0.00,0.00,0
3,live,2026,prefer_s2,INFS6002,PG,selected,prefer_s2; lexical source-key tie-break; selected https://www.sydney.edu.au/units/INFS6002/2026-S2C-ND-CC; 1 offering(s) discovered,47,1,work_integrated_applied,Work-Integrated and Applied Learning,2026,S2,2026-S2C-ND-CC,2026-09-11T04:52:53.883704+00:00,2026-09-08-final-active-v1,0,0,0.00,0.00,0
3,live,2026,prefer_s2,INFS6002,PG,selected,prefer_s2; lexical source-key tie-break; selected https://www.sydney.edu.au/units/INFS6002/2026-S2C-ND-CC; 1 offering(s) discovered,47,7,technology_mediated_learning,Technology-Mediated Learning,2026,S2,2026-S2C-ND-CC,2026-09-11T04:52:53.883704+00:00,2026-09-08-final-active-v1,0,0,0.00,0.00,0
3,live,2026,prefer_s2,INFS6002,PG,selected,prefer_s2; lexical source-key tie-break; selected https://www.sydney.edu.au/units/INFS6002/2026-S2C-ND-CC; 1 offering(s) discovered,47,2,simulation,Simulation,2026,S2,2026-S2C-ND-CC,2026-09-11T04:52:53.883704+00:00,2026-09-08-final-active-v1,0,0,0.00,0.00,0
3,live,2026,prefer_s2,INFS6002,PG,selected,prefer_s2; lexical source-key tie-break; selected https://www.sydney.edu.au/units/INFS6002/2026-S2C-ND-CC; 1 offering(s) discovered,47,4,project_problem_based,Project- and Problem-Based Learning,2026,S2,2026-S2C-ND-CC,2026-09-11T04:52:53.883704+00:00,2026-09-08-final-active-v1,0,0,0.00,0.00,0
3,live,2026,prefer_s2,INFS6002,PG,selected,prefer_s2; lexical source-key tie-break; selected https://www.sydney.edu.au/units/INFS6002/2026-S2C-ND-CC; 1 offering(s) discovered,47,8,hybrid_learning,Hybrid Learning,2026,S2,2026-S2C-ND-CC,2026-09-11T04:52:53.883704+00:00,2026-09-08-final-active-v1,0,0,0.00,0.00,0
3,live,2026,prefer_s2,INFS6002,PG,selected,prefer_s2; lexical source-key tie-break; selected https://www.sydney.edu.au/units/INFS6002/2026-S2C-ND-CC; 1 offering(s) discovered,47,6,entrepreneurial_learning,Entrepreneurial Learning,2026,S2,2026-S2C-ND-CC,2026-09-11T04:52:53.883704+00:00,2026-09-08-final-active-v1,0,0,0.00,0.00,0
3,live,2026,prefer_s2,INFS6002,PG,selected,prefer_s2; lexical source-key tie-break; selected https://www.sydney.edu.au/units/INFS6002/2026-S2C-ND-CC; 1 offering(s) discovered,47,5,community_learning,Community Learning,2026,S2,2026-S2C-ND-CC,2026-09-11T04:52:53.883704+00:00,2026-09-08-final-active-v1,0,0,0.00,0.00,0
3,live,2026,prefer_s2,INFS6002,PG,selected,prefer_s2; lexical source-key tie-break; selected https://www.sydney.edu.au/units/INFS6002/2026-S2C-ND-CC; 1 offering(s) discovered,47,3,case_based,Case-Based Learning,2026,S2,2026-S2C-ND-CC,2026-09-11T04:52:53.883704+00:00,2026-09-08-final-active-v1,0,1,0.00,2.50,0
3,live,2026,prefer_s2,INFS6004,PG,selected,prefer_s2; lexical source-key tie-break; selected https://www.sydney.edu.au/units/INFS6004/2026-S1C-NE-CC; 1 offering(s) discovered,48,1,work_integrated_applied,Work-Integrated and Applied Learning,2026,S1,2026-S1C-NE-CC,2026-09-11T04:52:54.446276+00:00,2026-09-08-final-active-v1,0,0,0.00,0.00,0
3,live,2026,prefer_s2,INFS6004,PG,selected,prefer_s2; lexical source-key tie-break; selected https://www.sydney.edu.au/units/INFS6004/2026-S1C-NE-CC; 1 offering(s) discovered,48,7,technology_mediated_learning,Technology-Mediated Learning,2026,S1,2026-S1C-NE-CC,2026-09-11T04:52:54.446276+00:00,2026-09-08-final-active-v1,0,0,0.00,0.00,0
3,live,2026,prefer_s2,INFS6004,PG,selected,prefer_s2; lexical source-key tie-break; selected https://www.sydney.edu.au/units/INFS6004/2026-S1C-NE-CC; 1 offering(s) discovered,48,2,simulation,Simulation,2026,S1,2026-S1C-NE-CC,2026-09-11T04:52:54.446276+00:00,2026-09-08-final-active-v1,0,0,0.00,0.00,0
3,live,2026,prefer_s2,INFS6004,PG,selected,prefer_s2; lexical source-key tie-break; selected https://www.sydney.edu.au/units/INFS6004/2026-S1C-NE-CC; 1 offering(s) discovered,48,4,project_problem_based,Project- and Problem-Based Learning,2026,S1,2026-S1C-NE-CC,2026-09-11T04:52:54.446276+00:00,2026-09-08-final-active-v1,0,0,0.00,0.00,0
3,live,2026,prefer_s2,INFS6004,PG,selected,prefer_s2; lexical source-key tie-break; selected https://www.sydney.edu.au/units/INFS6004/2026-S1C-NE-CC; 1 offering(s) discovered,48,8,hybrid_learning,Hybrid Learning,2026,S1,2026-S1C-NE-CC,2026-09-11T04:52:54.446276+00:00,2026-09-08-final-active-v1,0,0,0.00,0.00,0
3,live,2026,prefer_s2,INFS6004,PG,selected,prefer_s2; lexical source-key tie-break; selected https://www.sydney.edu.au/units/INFS6004/2026-S1C-NE-CC; 1 offering(s) discovered,48,6,entrepreneurial_learning,Entrepreneurial Learning,2026,S1,2026-S1C-NE-CC,2026-09-11T04:52:54.446276+00:00,2026-09-08-final-active-v1,0,0,0.00,0.00,0
3,live,2026,prefer_s2,INFS6004,PG,selected,prefer_s2; lexical source-key tie-break; selected https://www.sydney.edu.au/units/INFS6004/2026-S1C-NE-CC; 1 offering(s) discovered,48,5,community_learning,Community Learning,2026,S1,2026-S1C-NE-CC,2026-09-11T04:52:54.446276+00:00,2026-09-08-final-active-v1,0,0,0.00,0.00,0
3,live,2026,prefer_s2,INFS6004,PG,selected,prefer_s2; lexical source-key tie-break; selected https://www.sydney.edu.au/units/INFS6004/2026-S1C-NE-CC; 1 offering(s) discovered,48,3,case_based,Case-Based Learning,2026,S1,2026-S1C-NE-CC,2026-09-11T04:52:54.446276+00:00,2026-09-08-final-active-v1,0,2,0.00,5.00,0
3,live,2026,prefer_s2,INFS6012,PG,selected,prefer_s2; lexical source-key tie-break; selected https://www.sydney.edu.au/units/INFS6012/2026-S1C-ND-CC; 1 offering(s) discovered,49,1,work_integrated_applied,Work-Integrated and Applied Learning,2026,S1,2026-S1C-ND-CC,2026-09-11T04:52:54.955310+00:00,2026-09-08-final-active-v1,1,0,3.50,0.00,1
3,live,2026,prefer_s2,INFS6012,PG,selected,prefer_s2; lexical source-key tie-break; selected https://www.sydney.edu.au/units/INFS6012/2026-S1C-ND-CC; 1 offering(s) discovered,49,7,technology_mediated_learning,Technology-Mediated Learning,2026,S1,2026-S1C-ND-CC,2026-09-11T04:52:54.955310+00:00,2026-09-08-final-active-v1,0,0,0.00,0.00,0
3,live,2026,prefer_s2,INFS6012,PG,selected,prefer_s2; lexical source-key tie-break; selected https://www.sydney.edu.au/units/INFS6012/2026-S1C-ND-CC; 1 offering(s) discovered,49,2,simulation,Simulation,2026,S1,2026-S1C-ND-CC,2026-09-11T04:52:54.955310+00:00,2026-09-08-final-active-v1,0,0,0.00,0.00,0
3,live,2026,prefer_s2,INFS6012,PG,selected,prefer_s2; lexical source-key tie-break; selected https://www.sydney.edu.au/units/INFS6012/2026-S1C-ND-CC; 1 offering(s) discovered,49,4,project_problem_based,Project- and Problem-Based Learning,2026,S1,2026-S1C-ND-CC,2026-09-11T04:52:54.955310+00:00,2026-09-08-final-active-v1,1,0,4.00,0.00,1
3,live,2026,prefer_s2,INFS6012,PG,selected,prefer_s2; lexical source-key tie-break; selected https://www.sydney.edu.au/units/INFS6012/2026-S1C-ND-CC; 1 offering(s) discovered,49,8,hybrid_learning,Hybrid Learning,2026,S1,2026-S1C-ND-CC,2026-09-11T04:52:54.955310+00:00,2026-09-08-final-active-v1,0,0,0.00,0.00,0
3,live,2026,prefer_s2,INFS6012,PG,selected,prefer_s2; lexical source-key tie-break; selected https://www.sydney.edu.au/units/INFS6012/2026-S1C-ND-CC; 1 offering(s) discovered,49,6,entrepreneurial_learning,Entrepreneurial Learning,2026,S1,2026-S1C-ND-CC,2026-09-11T04:52:54.955310+00:00,2026-09-08-final-active-v1,0,0,0.00,0.00,0
3,live,2026,prefer_s2,INFS6012,PG,selected,prefer_s2; lexical source-key tie-break; selected https://www.sydney.edu.au/units/INFS6012/2026-S1C-ND-CC; 1 offering(s) discovered,49,5,community_learning,Community Learning,2026,S1,2026-S1C-ND-CC,2026-09-11T04:52:54.955310+00:00,2026-09-08-final-active-v1,0,0,0.00,0.00,0
3,live,2026,prefer_s2,INFS6012,PG,selected,prefer_s2; lexical source-key tie-break; selected https://www.sydney.edu.au/units/INFS6012/2026-S1C-ND-CC; 1 offering(s) discovered,49,3,case_based,Case-Based Learning,2026,S1,2026-S1C-ND-CC,2026-09-11T04:52:54.955310+00:00,2026-09-08-final-active-v1,0,0,0.00,0.00,0
3,live,2026,prefer_s2,INFS6015,PG,selected,prefer_s2; lexical source-key tie-break; selected https://www.sydney.edu.au/units/INFS6015/2026-S2C-NE-CC; 1 offering(s) discovered,50,1,work_integrated_applied,Work-Integrated and Applied Learning,2026,S2,2026-S2C-NE-CC,2026-09-11T04:52:55.478564+00:00,2026-09-08-final-active-v1,0,0,0.00,0.00,0
3,live,2026,prefer_s2,INFS6015,PG,selected,prefer_s2; lexical source-key tie-break; selected https://www.sydney.edu.au/units/INFS6015/2026-S2C-NE-CC; 1 offering(s) discovered,50,7,technology_mediated_learning,Technology-Mediated Learning,2026,S2,2026-S2C-NE-CC,2026-09-11T04:52:55.478564+00:00,2026-09-08-final-active-v1,0,0,0.00,0.00,0
3,live,2026,prefer_s2,INFS6015,PG,selected,prefer_s2; lexical source-key tie-break; selected https://www.sydney.edu.au/units/INFS6015/2026-S2C-NE-CC; 1 offering(s) discovered,50,2,simulation,Simulation,2026,S2,2026-S2C-NE-CC,2026-09-11T04:52:55.478564+00:00,2026-09-08-final-active-v1,0,0,0.00,0.00,0
3,live,2026,prefer_s2,INFS6015,PG,selected,prefer_s2; lexical source-key tie-break; selected https://www.sydney.edu.au/units/INFS6015/2026-S2C-NE-CC; 1 offering(s) discovered,50,4,project_problem_based,Project- and Problem-Based Learning,2026,S2,2026-S2C-NE-CC,2026-09-11T04:52:55.478564+00:00,2026-09-08-final-active-v1,0,0,0.00,0.00,0
3,live,2026,prefer_s2,INFS6015,PG,selected,prefer_s2; lexical source-key tie-break; selected https://www.sydney.edu.au/units/INFS6015/2026-S2C-NE-CC; 1 offering(s) discovered,50,8,hybrid_learning,Hybrid Learning,2026,S2,2026-S2C-NE-CC,2026-09-11T04:52:55.478564+00:00,2026-09-08-final-active-v1,0,0,0.00,0.00,0
3,live,2026,prefer_s2,INFS6015,PG,selected,prefer_s2; lexical source-key tie-break; selected https://www.sydney.edu.au/units/INFS6015/2026-S2C-NE-CC; 1 offering(s) discovered,50,6,entrepreneurial_learning,Entrepreneurial Learning,2026,S2,2026-S2C-NE-CC,2026-09-11T04:52:55.478564+00:00,2026-09-08-final-active-v1,0,0,0.00,0.00,0
3,live,2026,prefer_s2,INFS6015,PG,selected,prefer_s2; lexical source-key tie-break; selected https://www.sydney.edu.au/units/INFS6015/2026-S2C-NE-CC; 1 offering(s) discovered,50,5,community_learning,Community Learning,2026,S2,2026-S2C-NE-CC,2026-09-11T04:52:55.478564+00:00,2026-09-08-final-active-v1,0,0,0.00,0.00,0
3,live,2026,prefer_s2,INFS6015,PG,selected,prefer_s2; lexical source-key tie-break; selected https://www.sydney.edu.au/units/INFS6015/2026-S2C-NE-CC; 1 offering(s) discovered,50,3,case_based,Case-Based Learning,2026,S2,2026-S2C-NE-CC,2026-09-11T04:52:55.478564+00:00,2026-09-08-final-active-v1,0,2,0.00,5.00,0
3,live,2026,prefer_s2,INFS6016,PG,selected,prefer_s2; lexical source-key tie-break; selected https://www.sydney.edu.au/units/INFS6016/2026-S1C-ND-CC; 1 offering(s) discovered,51,1,work_integrated_applied,Work-Integrated and Applied Learning,2026,S1,2026-S1C-ND-CC,2026-09-11T04:52:55.985806+00:00,2026-09-08-final-active-v1,2,0,7.00,0.00,1
3,live,2026,prefer_s2,INFS6016,PG,selected,prefer_s2; lexical source-key tie-break; selected https://www.sydney.edu.au/units/INFS6016/2026-S1C-ND-CC; 1 offering(s) discovered,51,7,technology_mediated_learning,Technology-Mediated Learning,2026,S1,2026-S1C-ND-CC,2026-09-11T04:52:55.985806+00:00,2026-09-08-final-active-v1,0,0,0.00,0.00,0
3,live,2026,prefer_s2,INFS6016,PG,selected,prefer_s2; lexical source-key tie-break; selected https://www.sydney.edu.au/units/INFS6016/2026-S1C-ND-CC; 1 offering(s) discovered,51,2,simulation,Simulation,2026,S1,2026-S1C-ND-CC,2026-09-11T04:52:55.985806+00:00,2026-09-08-final-active-v1,0,0,0.00,0.00,0
3,live,2026,prefer_s2,INFS6016,PG,selected,prefer_s2; lexical source-key tie-break; selected https://www.sydney.edu.au/units/INFS6016/2026-S1C-ND-CC; 1 offering(s) discovered,51,4,project_problem_based,Project- and Problem-Based Learning,2026,S1,2026-S1C-ND-CC,2026-09-11T04:52:55.985806+00:00,2026-09-08-final-active-v1,0,0,0.00,0.00,0
3,live,2026,prefer_s2,INFS6016,PG,selected,prefer_s2; lexical source-key tie-break; selected https://www.sydney.edu.au/units/INFS6016/2026-S1C-ND-CC; 1 offering(s) discovered,51,8,hybrid_learning,Hybrid Learning,2026,S1,2026-S1C-ND-CC,2026-09-11T04:52:55.985806+00:00,2026-09-08-final-active-v1,0,0,0.00,0.00,0
3,live,2026,prefer_s2,INFS6016,PG,selected,prefer_s2; lexical source-key tie-break; selected https://www.sydney.edu.au/units/INFS6016/2026-S1C-ND-CC; 1 offering(s) discovered,51,6,entrepreneurial_learning,Entrepreneurial Learning,2026,S1,2026-S1C-ND-CC,2026-09-11T04:52:55.985806+00:00,2026-09-08-final-active-v1,0,0,0.00,0.00,0
3,live,2026,prefer_s2,INFS6016,PG,selected,prefer_s2; lexical source-key tie-break; selected https://www.sydney.edu.au/units/INFS6016/2026-S1C-ND-CC; 1 offering(s) discovered,51,5,community_learning,Community Learning,2026,S1,2026-S1C-ND-CC,2026-09-11T04:52:55.985806+00:00,2026-09-08-final-active-v1,0,0,0.00,0.00,0
3,live,2026,prefer_s2,INFS6016,PG,selected,prefer_s2; lexical source-key tie-break; selected https://www.sydney.edu.au/units/INFS6016/2026-S1C-ND-CC; 1 offering(s) discovered,51,3,case_based,Case-Based Learning,2026,S1,2026-S1C-ND-CC,2026-09-11T04:52:55.985806+00:00,2026-09-08-final-active-v1,0,0,0.00,0.00,0
3,live,2026,prefer_s2,INFS6018,PG,selected,prefer_s2; lexical source-key tie-break; selected https://www.sydney.edu.au/units/INFS6018/2026-S1C-ND-CC; 1 offering(s) discovered,52,1,work_integrated_applied,Work-Integrated and Applied Learning,2026,S1,2026-S1C-ND-CC,2026-09-11T04:52:56.640631+00:00,2026-09-08-final-active-v1,1,0,3.50,0.00,1
3,live,2026,prefer_s2,INFS6018,PG,selected,prefer_s2; lexical source-key tie-break; selected https://www.sydney.edu.au/units/INFS6018/2026-S1C-ND-CC; 1 offering(s) discovered,52,7,technology_mediated_learning,Technology-Mediated Learning,2026,S1,2026-S1C-ND-CC,2026-09-11T04:52:56.640631+00:00,2026-09-08-final-active-v1,0,0,0.00,0.00,0
3,live,2026,prefer_s2,INFS6018,PG,selected,prefer_s2; lexical source-key tie-break; selected https://www.sydney.edu.au/units/INFS6018/2026-S1C-ND-CC; 1 offering(s) discovered,52,2,simulation,Simulation,2026,S1,2026-S1C-ND-CC,2026-09-11T04:52:56.640631+00:00,2026-09-08-final-active-v1,0,0,0.00,0.00,0
3,live,2026,prefer_s2,INFS6018,PG,selected,prefer_s2; lexical source-key tie-break; selected https://www.sydney.edu.au/units/INFS6018/2026-S1C-ND-CC; 1 offering(s) discovered,52,4,project_problem_based,Project- and Problem-Based Learning,2026,S1,2026-S1C-ND-CC,2026-09-11T04:52:56.640631+00:00,2026-09-08-final-active-v1,0,0,0.00,0.00,0
3,live,2026,prefer_s2,INFS6018,PG,selected,prefer_s2; lexical source-key tie-break; selected https://www.sydney.edu.au/units/INFS6018/2026-S1C-ND-CC; 1 offering(s) discovered,52,8,hybrid_learning,Hybrid Learning,2026,S1,2026-S1C-ND-CC,2026-09-11T04:52:56.640631+00:00,2026-09-08-final-active-v1,0,0,0.00,0.00,0
3,live,2026,prefer_s2,INFS6018,PG,selected,prefer_s2; lexical source-key tie-break; selected https://www.sydney.edu.au/units/INFS6018/2026-S1C-ND-CC; 1 offering(s) discovered,52,6,entrepreneurial_learning,Entrepreneurial Learning,2026,S1,2026-S1C-ND-CC,2026-09-11T04:52:56.640631+00:00,2026-09-08-final-active-v1,0,0,0.00,0.00,0
3,live,2026,prefer_s2,INFS6018,PG,selected,prefer_s2; lexical source-key tie-break; selected https://www.sydney.edu.au/units/INFS6018/2026-S1C-ND-CC; 1 offering(s) discovered,52,5,community_learning,Community Learning,2026,S1,2026-S1C-ND-CC,2026-09-11T04:52:56.640631+00:00,2026-09-08-final-active-v1,0,0,0.00,0.00,0
3,live,2026,prefer_s2,INFS6018,PG,selected,prefer_s2; lexical source-key tie-break; selected https://www.sydney.edu.au/units/INFS6018/2026-S1C-ND-CC; 1 offering(s) discovered,52,3,case_based,Case-Based Learning,2026,S1,2026-S1C-ND-CC,2026-09-11T04:52:56.640631+00:00,2026-09-08-final-active-v1,0,0,0.00,0.00,0
3,live,2026,prefer_s2,INFS6023,PG,selected,prefer_s2; lexical source-key tie-break; selected https://www.sydney.edu.au/units/INFS6023/2026-S2C-ND-CC; 1 offering(s) discovered,53,1,work_integrated_applied,Work-Integrated and Applied Learning,2026,S2,2026-S2C-ND-CC,2026-09-11T04:52:57.265283+00:00,2026-09-08-final-active-v1,2,0,7.00,0.00,1
3,live,2026,prefer_s2,INFS6023,PG,selected,prefer_s2; lexical source-key tie-break; selected https://www.sydney.edu.au/units/INFS6023/2026-S2C-ND-CC; 1 offering(s) discovered,53,7,technology_mediated_learning,Technology-Mediated Learning,2026,S2,2026-S2C-ND-CC,2026-09-11T04:52:57.265283+00:00,2026-09-08-final-active-v1,0,0,0.00,0.00,0
3,live,2026,prefer_s2,INFS6023,PG,selected,prefer_s2; lexical source-key tie-break; selected https://www.sydney.edu.au/units/INFS6023/2026-S2C-ND-CC; 1 offering(s) discovered,53,2,simulation,Simulation,2026,S2,2026-S2C-ND-CC,2026-09-11T04:52:57.265283+00:00,2026-09-08-final-active-v1,0,0,0.00,0.00,0
3,live,2026,prefer_s2,INFS6023,PG,selected,prefer_s2; lexical source-key tie-break; selected https://www.sydney.edu.au/units/INFS6023/2026-S2C-ND-CC; 1 offering(s) discovered,53,4,project_problem_based,Project- and Problem-Based Learning,2026,S2,2026-S2C-ND-CC,2026-09-11T04:52:57.265283+00:00,2026-09-08-final-active-v1,0,0,0.00,0.00,0
3,live,2026,prefer_s2,INFS6023,PG,selected,prefer_s2; lexical source-key tie-break; selected https://www.sydney.edu.au/units/INFS6023/2026-S2C-ND-CC; 1 offering(s) discovered,53,8,hybrid_learning,Hybrid Learning,2026,S2,2026-S2C-ND-CC,2026-09-11T04:52:57.265283+00:00,2026-09-08-final-active-v1,0,0,0.00,0.00,0
3,live,2026,prefer_s2,INFS6023,PG,selected,prefer_s2; lexical source-key tie-break; selected https://www.sydney.edu.au/units/INFS6023/2026-S2C-ND-CC; 1 offering(s) discovered,53,6,entrepreneurial_learning,Entrepreneurial Learning,2026,S2,2026-S2C-ND-CC,2026-09-11T04:52:57.265283+00:00,2026-09-08-final-active-v1,0,0,0.00,0.00,0
3,live,2026,prefer_s2,INFS6023,PG,selected,prefer_s2; lexical source-key tie-break; selected https://www.sydney.edu.au/units/INFS6023/2026-S2C-ND-CC; 1 offering(s) discovered,53,5,community_learning,Community Learning,2026,S2,2026-S2C-ND-CC,2026-09-11T04:52:57.265283+00:00,2026-09-08-final-active-v1,0,0,0.00,0.00,0
3,live,2026,prefer_s2,INFS6023,PG,selected,prefer_s2; lexical source-key tie-break; selected https://www.sydney.edu.au/units/INFS6023/2026-S2C-ND-CC; 1 offering(s) discovered,53,3,case_based,Case-Based Learning,2026,S2,2026-S2C-ND-CC,2026-09-11T04:52:57.265283+00:00,2026-09-08-final-active-v1,1,1,4.00,2.50,1
3,live,2026,prefer_s2,INFS6024,PG,selected,prefer_s2; lexical source-key tie-break; selected https://www.sydney.edu.au/units/INFS6024/2026-S1C-NE-CC; 1 offering(s) discovered,54,1,work_integrated_applied,Work-Integrated and Applied Learning,2026,S1,2026-S1C-NE-CC,2026-09-11T04:52:58.375164+00:00,2026-09-08-final-active-v1,1,1,3.50,2.00,1
3,live,2026,prefer_s2,INFS6024,PG,selected,prefer_s2; lexical source-key tie-break; selected https://www.sydney.edu.au/units/INFS6024/2026-S1C-NE-CC; 1 offering(s) discovered,54,7,technology_mediated_learning,Technology-Mediated Learning,2026,S1,2026-S1C-NE-CC,2026-09-11T04:52:58.375164+00:00,2026-09-08-final-active-v1,0,0,0.00,0.00,0
3,live,2026,prefer_s2,INFS6024,PG,selected,prefer_s2; lexical source-key tie-break; selected https://www.sydney.edu.au/units/INFS6024/2026-S1C-NE-CC; 1 offering(s) discovered,54,2,simulation,Simulation,2026,S1,2026-S1C-NE-CC,2026-09-11T04:52:58.375164+00:00,2026-09-08-final-active-v1,0,0,0.00,0.00,0
3,live,2026,prefer_s2,INFS6024,PG,selected,prefer_s2; lexical source-key tie-break; selected https://www.sydney.edu.au/units/INFS6024/2026-S1C-NE-CC; 1 offering(s) discovered,54,4,project_problem_based,Project- and Problem-Based Learning,2026,S1,2026-S1C-NE-CC,2026-09-11T04:52:58.375164+00:00,2026-09-08-final-active-v1,0,0,0.00,0.00,0
3,live,2026,prefer_s2,INFS6024,PG,selected,prefer_s2; lexical source-key tie-break; selected https://www.sydney.edu.au/units/INFS6024/2026-S1C-NE-CC; 1 offering(s) discovered,54,8,hybrid_learning,Hybrid Learning,2026,S1,2026-S1C-NE-CC,2026-09-11T04:52:58.375164+00:00,2026-09-08-final-active-v1,0,0,0.00,0.00,0
3,live,2026,prefer_s2,INFS6024,PG,selected,prefer_s2; lexical source-key tie-break; selected https://www.sydney.edu.au/units/INFS6024/2026-S1C-NE-CC; 1 offering(s) discovered,54,6,entrepreneurial_learning,Entrepreneurial Learning,2026,S1,2026-S1C-NE-CC,2026-09-11T04:52:58.375164+00:00,2026-09-08-final-active-v1,0,0,0.00,0.00,0
3,live,2026,prefer_s2,INFS6024,PG,selected,prefer_s2; lexical source-key tie-break; selected https://www.sydney.edu.au/units/INFS6024/2026-S1C-NE-CC; 1 offering(s) discovered,54,5,community_learning,Community Learning,2026,S1,2026-S1C-NE-CC,2026-09-11T04:52:58.375164+00:00,2026-09-08-final-active-v1,0,0,0.00,0.00,0
3,live,2026,prefer_s2,INFS6024,PG,selected,prefer_s2; lexical source-key tie-break; selected https://www.sydney.edu.au/units/INFS6024/2026-S1C-NE-CC; 1 offering(s) discovered,54,3,case_based,Case-Based Learning,2026,S1,2026-S1C-NE-CC,2026-09-11T04:52:58.375164+00:00,2026-09-08-final-active-v1,0,2,0.00,5.00,0
3,live,2026,prefer_s2,INFS6026,PG,selected,prefer_s2; lexical source-key tie-break; selected https://www.sydney.edu.au/units/INFS6026/2026-S2C-ND-CC; 1 offering(s) discovered,55,1,work_integrated_applied,Work-Integrated and Applied Learning,2026,S2,2026-S2C-ND-CC,2026-09-11T04:52:59.157688+00:00,2026-09-08-final-active-v1,1,0,3.50,0.00,1
3,live,2026,prefer_s2,INFS6026,PG,selected,prefer_s2; lexical source-key tie-break; selected https://www.sydney.edu.au/units/INFS6026/2026-S2C-ND-CC; 1 offering(s) discovered,55,7,technology_mediated_learning,Technology-Mediated Learning,2026,S2,2026-S2C-ND-CC,2026-09-11T04:52:59.157688+00:00,2026-09-08-final-active-v1,0,0,0.00,0.00,0
3,live,2026,prefer_s2,INFS6026,PG,selected,prefer_s2; lexical source-key tie-break; selected https://www.sydney.edu.au/units/INFS6026/2026-S2C-ND-CC; 1 offering(s) discovered,55,2,simulation,Simulation,2026,S2,2026-S2C-ND-CC,2026-09-11T04:52:59.157688+00:00,2026-09-08-final-active-v1,0,0,0.00,0.00,0
3,live,2026,prefer_s2,INFS6026,PG,selected,prefer_s2; lexical source-key tie-break; selected https://www.sydney.edu.au/units/INFS6026/2026-S2C-ND-CC; 1 offering(s) discovered,55,4,project_problem_based,Project- and Problem-Based Learning,2026,S2,2026-S2C-ND-CC,2026-09-11T04:52:59.157688+00:00,2026-09-08-final-active-v1,0,0,0.00,0.00,0
3,live,2026,prefer_s2,INFS6026,PG,selected,prefer_s2; lexical source-key tie-break; selected https://www.sydney.edu.au/units/INFS6026/2026-S2C-ND-CC; 1 offering(s) discovered,55,8,hybrid_learning,Hybrid Learning,2026,S2,2026-S2C-ND-CC,2026-09-11T04:52:59.157688+00:00,2026-09-08-final-active-v1,0,0,0.00,0.00,0
3,live,2026,prefer_s2,INFS6026,PG,selected,prefer_s2; lexical source-key tie-break; selected https://www.sydney.edu.au/units/INFS6026/2026-S2C-ND-CC; 1 offering(s) discovered,55,6,entrepreneurial_learning,Entrepreneurial Learning,2026,S2,2026-S2C-ND-CC,2026-09-11T04:52:59.157688+00:00,2026-09-08-final-active-v1,0,0,0.00,0.00,0
3,live,2026,prefer_s2,INFS6026,PG,selected,prefer_s2; lexical source-key tie-break; selected https://www.sydney.edu.au/units/INFS6026/2026-S2C-ND-CC; 1 offering(s) discovered,55,5,community_learning,Community Learning,2026,S2,2026-S2C-ND-CC,2026-09-11T04:52:59.157688+00:00,2026-09-08-final-active-v1,0,0,0.00,0.00,0
3,live,2026,prefer_s2,INFS6026,PG,selected,prefer_s2; lexical source-key tie-break; selected https://www.sydney.edu.au/units/INFS6026/2026-S2C-ND-CC; 1 offering(s) discovered,55,3,case_based,Case-Based Learning,2026,S2,2026-S2C-ND-CC,2026-09-11T04:52:59.157688+00:00,2026-09-08-final-active-v1,1,1,4.00,2.50,1
3,live,2026,prefer_s2,INFS6032,PG,selected,prefer_s2; lexical source-key tie-break; selected https://www.sydney.edu.au/units/INFS6032/2026-S1C-ND-CC; 1 offering(s) discovered,56,1,work_integrated_applied,Work-Integrated and Applied Learning,2026,S1,2026-S1C-ND-CC,2026-09-11T04:52:59.882745+00:00,2026-09-08-final-active-v1,0,0,0.00,0.00,0
3,live,2026,prefer_s2,INFS6032,PG,selected,prefer_s2; lexical source-key tie-break; selected https://www.sydney.edu.au/units/INFS6032/2026-S1C-ND-CC; 1 offering(s) discovered,56,7,technology_mediated_learning,Technology-Mediated Learning,2026,S1,2026-S1C-ND-CC,2026-09-11T04:52:59.882745+00:00,2026-09-08-final-active-v1,0,0,0.00,0.00,0
3,live,2026,prefer_s2,INFS6032,PG,selected,prefer_s2; lexical source-key tie-break; selected https://www.sydney.edu.au/units/INFS6032/2026-S1C-ND-CC; 1 offering(s) discovered,56,2,simulation,Simulation,2026,S1,2026-S1C-ND-CC,2026-09-11T04:52:59.882745+00:00,2026-09-08-final-active-v1,0,0,0.00,0.00,0
3,live,2026,prefer_s2,INFS6032,PG,selected,prefer_s2; lexical source-key tie-break; selected https://www.sydney.edu.au/units/INFS6032/2026-S1C-ND-CC; 1 offering(s) discovered,56,4,project_problem_based,Project- and Problem-Based Learning,2026,S1,2026-S1C-ND-CC,2026-09-11T04:52:59.882745+00:00,2026-09-08-final-active-v1,9,0,35.50,0.00,1
3,live,2026,prefer_s2,INFS6032,PG,selected,prefer_s2; lexical source-key tie-break; selected https://www.sydney.edu.au/units/INFS6032/2026-S1C-ND-CC; 1 offering(s) discovered,56,8,hybrid_learning,Hybrid Learning,2026,S1,2026-S1C-ND-CC,2026-09-11T04:52:59.882745+00:00,2026-09-08-final-active-v1,0,0,0.00,0.00,0
3,live,2026,prefer_s2,INFS6032,PG,selected,prefer_s2; lexical source-key tie-break; selected https://www.sydney.edu.au/units/INFS6032/2026-S1C-ND-CC; 1 offering(s) discovered,56,6,entrepreneurial_learning,Entrepreneurial Learning,2026,S1,2026-S1C-ND-CC,2026-09-11T04:52:59.882745+00:00,2026-09-08-final-active-v1,1,0,4.00,0.00,1
3,live,2026,prefer_s2,INFS6032,PG,selected,prefer_s2; lexical source-key tie-break; selected https://www.sydney.edu.au/units/INFS6032/2026-S1C-ND-CC; 1 offering(s) discovered,56,5,community_learning,Community Learning,2026,S1,2026-S1C-ND-CC,2026-09-11T04:52:59.882745+00:00,2026-09-08-final-active-v1,0,0,0.00,0.00,0
3,live,2026,prefer_s2,INFS6032,PG,selected,prefer_s2; lexical source-key tie-break; selected https://www.sydney.edu.au/units/INFS6032/2026-S1C-ND-CC; 1 offering(s) discovered,56,3,case_based,Case-Based Learning,2026,S1,2026-S1C-ND-CC,2026-09-11T04:52:59.882745+00:00,2026-09-08-final-active-v1,0,0,0.00,0.00,0
3,live,2026,prefer_s2,INFS6066,PG,selected,prefer_s2; lexical source-key tie-break; selected https://www.sydney.edu.au/units/INFS6066/2026-S2C-ND-CC; 1 offering(s) discovered,57,1,work_integrated_applied,Work-Integrated and Applied Learning,2026,S2,2026-S2C-ND-CC,2026-09-11T04:53:00.492962+00:00,2026-09-08-final-active-v1,1,0,3.50,0.00,1
3,live,2026,prefer_s2,INFS6066,PG,selected,prefer_s2; lexical source-key tie-break; selected https://www.sydney.edu.au/units/INFS6066/2026-S2C-ND-CC; 1 offering(s) discovered,57,7,technology_mediated_learning,Technology-Mediated Learning,2026,S2,2026-S2C-ND-CC,2026-09-11T04:53:00.492962+00:00,2026-09-08-final-active-v1,0,0,0.00,0.00,0
3,live,2026,prefer_s2,INFS6066,PG,selected,prefer_s2; lexical source-key tie-break; selected https://www.sydney.edu.au/units/INFS6066/2026-S2C-ND-CC; 1 offering(s) discovered,57,2,simulation,Simulation,2026,S2,2026-S2C-ND-CC,2026-09-11T04:53:00.492962+00:00,2026-09-08-final-active-v1,0,0,0.00,0.00,0
3,live,2026,prefer_s2,INFS6066,PG,selected,prefer_s2; lexical source-key tie-break; selected https://www.sydney.edu.au/units/INFS6066/2026-S2C-ND-CC; 1 offering(s) discovered,57,4,project_problem_based,Project- and Problem-Based Learning,2026,S2,2026-S2C-ND-CC,2026-09-11T04:53:00.492962+00:00,2026-09-08-final-active-v1,1,0,3.50,0.00,1
3,live,2026,prefer_s2,INFS6066,PG,selected,prefer_s2; lexical source-key tie-break; selected https://www.sydney.edu.au/units/INFS6066/2026-S2C-ND-CC; 1 offering(s) discovered,57,8,hybrid_learning,Hybrid Learning,2026,S2,2026-S2C-ND-CC,2026-09-11T04:53:00.492962+00:00,2026-09-08-final-active-v1,0,0,0.00,0.00,0
3,live,2026,prefer_s2,INFS6066,PG,selected,prefer_s2; lexical source-key tie-break; selected https://www.sydney.edu.au/units/INFS6066/2026-S2C-ND-CC; 1 offering(s) discovered,57,6,entrepreneurial_learning,Entrepreneurial Learning,2026,S2,2026-S2C-ND-CC,2026-09-11T04:53:00.492962+00:00,2026-09-08-final-active-v1,0,0,0.00,0.00,0
3,live,2026,prefer_s2,INFS6066,PG,selected,prefer_s2; lexical source-key tie-break; selected https://www.sydney.edu.au/units/INFS6066/2026-S2C-ND-CC; 1 offering(s) discovered,57,5,community_learning,Community Learning,2026,S2,2026-S2C-ND-CC,2026-09-11T04:53:00.492962+00:00,2026-09-08-final-active-v1,0,0,0.00,0.00,0
3,live,2026,prefer_s2,INFS6066,PG,selected,prefer_s2; lexical source-key tie-break; selected https://www.sydney.edu.au/units/INFS6066/2026-S2C-ND-CC; 1 offering(s) discovered,57,3,case_based,Case-Based Learning,2026,S2,2026-S2C-ND-CC,2026-09-11T04:53:00.492962+00:00,2026-09-08-final-active-v1,0,0,0.00,0.00,0
3,live,2026,prefer_s2,INFS6071,PG,selected,prefer_s2; lexical source-key tie-break; selected https://www.sydney.edu.au/units/INFS6071/2026-S2C-ND-CC; 2 offering(s) discovered,59,1,work_integrated_applied,Work-Integrated and Applied Learning,2026,S2,2026-S2C-ND-CC,2026-09-11T04:53:01.976467+00:00,2026-09-08-final-active-v1,0,0,0.00,0.00,0
3,live,2026,prefer_s2,INFS6071,PG,selected,prefer_s2; lexical source-key tie-break; selected https://www.sydney.edu.au/units/INFS6071/2026-S2C-ND-CC; 2 offering(s) discovered,59,7,technology_mediated_learning,Technology-Mediated Learning,2026,S2,2026-S2C-ND-CC,2026-09-11T04:53:01.976467+00:00,2026-09-08-final-active-v1,0,0,0.00,0.00,0
3,live,2026,prefer_s2,INFS6071,PG,selected,prefer_s2; lexical source-key tie-break; selected https://www.sydney.edu.au/units/INFS6071/2026-S2C-ND-CC; 2 offering(s) discovered,59,2,simulation,Simulation,2026,S2,2026-S2C-ND-CC,2026-09-11T04:53:01.976467+00:00,2026-09-08-final-active-v1,0,0,0.00,0.00,0
3,live,2026,prefer_s2,INFS6071,PG,selected,prefer_s2; lexical source-key tie-break; selected https://www.sydney.edu.au/units/INFS6071/2026-S2C-ND-CC; 2 offering(s) discovered,59,4,project_problem_based,Project- and Problem-Based Learning,2026,S2,2026-S2C-ND-CC,2026-09-11T04:53:01.976467+00:00,2026-09-08-final-active-v1,1,5,6.00,10.00,1
3,live,2026,prefer_s2,INFS6071,PG,selected,prefer_s2; lexical source-key tie-break; selected https://www.sydney.edu.au/units/INFS6071/2026-S2C-ND-CC; 2 offering(s) discovered,59,8,hybrid_learning,Hybrid Learning,2026,S2,2026-S2C-ND-CC,2026-09-11T04:53:01.976467+00:00,2026-09-08-final-active-v1,0,0,0.00,0.00,0
3,live,2026,prefer_s2,INFS6071,PG,selected,prefer_s2; lexical source-key tie-break; selected https://www.sydney.edu.au/units/INFS6071/2026-S2C-ND-CC; 2 offering(s) discovered,59,6,entrepreneurial_learning,Entrepreneurial Learning,2026,S2,2026-S2C-ND-CC,2026-09-11T04:53:01.976467+00:00,2026-09-08-final-active-v1,0,0,0.00,0.00,0
3,live,2026,prefer_s2,INFS6071,PG,selected,prefer_s2; lexical source-key tie-break; selected https://www.sydney.edu.au/units/INFS6071/2026-S2C-ND-CC; 2 offering(s) discovered,59,5,community_learning,Community Learning,2026,S2,2026-S2C-ND-CC,2026-09-11T04:53:01.976467+00:00,2026-09-08-final-active-v1,0,0,0.00,0.00,0
3,live,2026,prefer_s2,INFS6071,PG,selected,prefer_s2; lexical source-key tie-break; selected https://www.sydney.edu.au/units/INFS6071/2026-S2C-ND-CC; 2 offering(s) discovered,59,3,case_based,Case-Based Learning,2026,S2,2026-S2C-ND-CC,2026-09-11T04:53:01.976467+00:00,2026-09-08-final-active-v1,0,0,0.00,0.00,0
3,live,2026,prefer_s2,INFS6077,PG,selected,prefer_s2; lexical source-key tie-break; selected https://www.sydney.edu.au/units/INFS6077/2026-S2C-ND-CC; 1 offering(s) discovered,60,1,work_integrated_applied,Work-Integrated and Applied Learning,2026,S2,2026-S2C-ND-CC,2026-09-11T04:53:02.584879+00:00,2026-09-08-final-active-v1,0,0,0.00,0.00,0
3,live,2026,prefer_s2,INFS6077,PG,selected,prefer_s2; lexical source-key tie-break; selected https://www.sydney.edu.au/units/INFS6077/2026-S2C-ND-CC; 1 offering(s) discovered,60,7,technology_mediated_learning,Technology-Mediated Learning,2026,S2,2026-S2C-ND-CC,2026-09-11T04:53:02.584879+00:00,2026-09-08-final-active-v1,0,0,0.00,0.00,0
3,live,2026,prefer_s2,INFS6077,PG,selected,prefer_s2; lexical source-key tie-break; selected https://www.sydney.edu.au/units/INFS6077/2026-S2C-ND-CC; 1 offering(s) discovered,60,2,simulation,Simulation,2026,S2,2026-S2C-ND-CC,2026-09-11T04:53:02.584879+00:00,2026-09-08-final-active-v1,0,0,0.00,0.00,0
3,live,2026,prefer_s2,INFS6077,PG,selected,prefer_s2; lexical source-key tie-break; selected https://www.sydney.edu.au/units/INFS6077/2026-S2C-ND-CC; 1 offering(s) discovered,60,4,project_problem_based,Project- and Problem-Based Learning,2026,S2,2026-S2C-ND-CC,2026-09-11T04:53:02.584879+00:00,2026-09-08-final-active-v1,0,0,0.00,0.00,0
3,live,2026,prefer_s2,INFS6077,PG,selected,prefer_s2; lexical source-key tie-break; selected https://www.sydney.edu.au/units/INFS6077/2026-S2C-ND-CC; 1 offering(s) discovered,60,8,hybrid_learning,Hybrid Learning,2026,S2,2026-S2C-ND-CC,2026-09-11T04:53:02.584879+00:00,2026-09-08-final-active-v1,0,0,0.00,0.00,0
3,live,2026,prefer_s2,INFS6077,PG,selected,prefer_s2; lexical source-key tie-break; selected https://www.sydney.edu.au/units/INFS6077/2026-S2C-ND-CC; 1 offering(s) discovered,60,6,entrepreneurial_learning,Entrepreneurial Learning,2026,S2,2026-S2C-ND-CC,2026-09-11T04:53:02.584879+00:00,2026-09-08-final-active-v1,0,0,0.00,0.00,0
3,live,2026,prefer_s2,INFS6077,PG,selected,prefer_s2; lexical source-key tie-break; selected https://www.sydney.edu.au/units/INFS6077/2026-S2C-ND-CC; 1 offering(s) discovered,60,5,community_learning,Community Learning,2026,S2,2026-S2C-ND-CC,2026-09-11T04:53:02.584879+00:00,2026-09-08-final-active-v1,0,0,0.00,0.00,0
3,live,2026,prefer_s2,INFS6077,PG,selected,prefer_s2; lexical source-key tie-break; selected https://www.sydney.edu.au/units/INFS6077/2026-S2C-ND-CC; 1 offering(s) discovered,60,3,case_based,Case-Based Learning,2026,S2,2026-S2C-ND-CC,2026-09-11T04:53:02.584879+00:00,2026-09-08-final-active-v1,0,2,0.00,5.00,0
3,live,2026,prefer_s2,INFS6600,PG,selected,prefer_s2; lexical source-key tie-break; selected https://www.sydney.edu.au/units/INFS6600/2026-S2C-NE-CC; 2 offering(s) discovered,62,1,work_integrated_applied,Work-Integrated and Applied Learning,2026,S2,2026-S2C-NE-CC,2026-09-11T04:53:03.861318+00:00,2026-09-08-final-active-v1,14,3,60.50,6.00,1
3,live,2026,prefer_s2,INFS6600,PG,selected,prefer_s2; lexical source-key tie-break; selected https://www.sydney.edu.au/units/INFS6600/2026-S2C-NE-CC; 2 offering(s) discovered,62,7,technology_mediated_learning,Technology-Mediated Learning,2026,S2,2026-S2C-NE-CC,2026-09-11T04:53:03.861318+00:00,2026-09-08-final-active-v1,0,0,0.00,0.00,0
3,live,2026,prefer_s2,INFS6600,PG,selected,prefer_s2; lexical source-key tie-break; selected https://www.sydney.edu.au/units/INFS6600/2026-S2C-NE-CC; 2 offering(s) discovered,62,2,simulation,Simulation,2026,S2,2026-S2C-NE-CC,2026-09-11T04:53:03.861318+00:00,2026-09-08-final-active-v1,0,0,0.00,0.00,0
3,live,2026,prefer_s2,INFS6600,PG,selected,prefer_s2; lexical source-key tie-break; selected https://www.sydney.edu.au/units/INFS6600/2026-S2C-NE-CC; 2 offering(s) discovered,62,4,project_problem_based,Project- and Problem-Based Learning,2026,S2,2026-S2C-NE-CC,2026-09-11T04:53:03.861318+00:00,2026-09-08-final-active-v1,4,2,14.50,4.00,1
3,live,2026,prefer_s2,INFS6600,PG,selected,prefer_s2; lexical source-key tie-break; selected https://www.sydney.edu.au/units/INFS6600/2026-S2C-NE-CC; 2 offering(s) discovered,62,8,hybrid_learning,Hybrid Learning,2026,S2,2026-S2C-NE-CC,2026-09-11T04:53:03.861318+00:00,2026-09-08-final-active-v1,0,0,0.00,0.00,0
3,live,2026,prefer_s2,INFS6600,PG,selected,prefer_s2; lexical source-key tie-break; selected https://www.sydney.edu.au/units/INFS6600/2026-S2C-NE-CC; 2 offering(s) discovered,62,6,entrepreneurial_learning,Entrepreneurial Learning,2026,S2,2026-S2C-NE-CC,2026-09-11T04:53:03.861318+00:00,2026-09-08-final-active-v1,0,2,0.00,6.00,0
3,live,2026,prefer_s2,INFS6600,PG,selected,prefer_s2; lexical source-key tie-break; selected https://www.sydney.edu.au/units/INFS6600/2026-S2C-NE-CC; 2 offering(s) discovered,62,5,community_learning,Community Learning,2026,S2,2026-S2C-NE-CC,2026-09-11T04:53:03.861318+00:00,2026-09-08-final-active-v1,0,0,0.00,0.00,0
3,live,2026,prefer_s2,INFS6600,PG,selected,prefer_s2; lexical source-key tie-break; selected https://www.sydney.edu.au/units/INFS6600/2026-S2C-NE-CC; 2 offering(s) discovered,62,3,case_based,Case-Based Learning,2026,S2,2026-S2C-NE-CC,2026-09-11T04:53:03.861318+00:00,2026-09-08-final-active-v1,1,2,4.00,5.00,1
