unit_code,level,category,item_id,section,label,score,confidence,text,matched_rule_labels,source_url
INFS2010,UG,Work-Integrated and Applied Learning,AD03,assessment_description,Assessment description 3,3.5,moderate,Group project presentation: The group project presentations are aimed at assessing the level of knowledge acquired in this unit of study. All group members must actively participate in the presentation.,professional presentation,https://www.sydney.edu.au/units/INFS2010/2026-S2C-ND-CC
INFS2010,UG,Work-Integrated and Applied Learning,WK24,weekly_schedule,Week 12: Group Project Presentations,3.5,moderate,Group Project Presentations. Learning activity: Tutorial (1.5 hr),professional presentation,https://www.sydney.edu.au/units/INFS2010/2026-S2C-ND-CC
INFS2030,UG,Work-Integrated and Applied Learning,AS05,assessment,Group project presentation Oral presentation,3.5,moderate,Type: Presentation. Description: Group project presentation Oral presentation,professional presentation,https://www.sydney.edu.au/units/INFS2030/2026-S1C-ND-CC
INFS2030,UG,Work-Integrated and Applied Learning,AD04,assessment_description,Assessment description 4,3.5,moderate,Group project presentation: Each group will present its business plan during the lectures and tutorials in weeks 12 and 13. All group members must participate in the presentation.,professional presentation,https://www.sydney.edu.au/units/INFS2030/2026-S1C-ND-CC
INFS2040,UG,Project- and Problem-Based Learning,LO07,learning_outcome,Learning outcome 7,3.5,moderate,"LO7. learn about design thinking and how to manage ideas in a team setting, both hard and soft skills.",design and prototype method,https://www.sydney.edu.au/units/INFS2040/2026-S2C-ND-CC
INFS3050,UG,Case-Based Learning,WK07,weekly_schedule,Week 07: Preparation for the mid semester exam and comprehensive case discussion,4.0,moderate,Preparation for the mid semester exam and comprehensive case discussion. Learning activity: Seminar (3 hr),case activity,https://www.sydney.edu.au/units/INFS3050/2026-S1C-ND-CC
INFS3400,UG,Work-Integrated and Applied Learning,OV01,overview,Overview paragraph 1,4.0,moderate,"This unit provides students with the opportunity to address complex problems identified by industry, community, and government organisations. With mentorship from a major industry partner and an academic lead, students integrate their academic skills and knowledge by working in diverse teams across disciplinary boundaries. Students research, analyse and present solutions to a real-world problem, and build on their interpersonal and transferable skills by engaging with and learning from experts in the field. See the ICPU website for further information here: https://www.sydney.edu.au/students/industry-and-community-projects.html.",industry or business partner,https://www.sydney.edu.au/units/INFS3400/2026-S2C-ND-CC
INFS3400,UG,Project- and Problem-Based Learning,OV01,overview,Overview paragraph 1,4.0,moderate,"This unit provides students with the opportunity to address complex problems identified by industry, community, and government organisations. With mentorship from a major industry partner and an academic lead, students integrate their academic skills and knowledge by working in diverse teams across disciplinary boundaries. Students research, analyse and present solutions to a real-world problem, and build on their interpersonal and transferable skills by engaging with and learning from experts in the field. See the ICPU website for further information here: https://www.sydney.edu.au/students/industry-and-community-projects.html.",authentic problem or challenge,https://www.sydney.edu.au/units/INFS3400/2026-S2C-ND-CC
INFS3400,UG,Project- and Problem-Based Learning,LO01,learning_outcome,Learning outcome 1,4.0,moderate,"LO1. Demonstrate critical awareness of, and apply, disciplinary knowledge, skills and personal attributes to address complex real-world problems",authentic problem or challenge,https://www.sydney.edu.au/units/INFS3400/2026-S2C-ND-CC
INFS3600,UG,Work-Integrated and Applied Learning,OV01,overview,Overview paragraph 1,8.0,high,"This capstone unit bridges the gap between theory and practice by integrating knowledge and consolidating key skills developed across the Business Information Systems major. It aims to provide students with practical experience in identifying, analysing, and solving contemporary business problems. Much of this unit is dedicated to a problem-solving, experiential approach to learning. Students ensure their career-readiness by demonstrating their ability to apply concepts, theories, frameworks, methodologies, and skills to authentic problems and challenges faced in the field of information systems.",authentic practice; theory-practice integration; career readiness,https://www.sydney.edu.au/units/INFS3600/2026-S2C-ND-CC
INFS3600,UG,Work-Integrated and Applied Learning,LO01,learning_outcome,Learning outcome 1,4.0,moderate,LO1. apply and relate information systems theories and concepts in the context of an actual business problem with societal relevance,actual organisation or professional context,https://www.sydney.edu.au/units/INFS3600/2026-S2C-ND-CC
INFS3600,UG,Project- and Problem-Based Learning,LO01,learning_outcome,Learning outcome 1,4.0,moderate,LO1. apply and relate information systems theories and concepts in the context of an actual business problem with societal relevance,authentic problem or challenge,https://www.sydney.edu.au/units/INFS3600/2026-S2C-ND-CC
INFS3600,UG,Case-Based Learning,LO02,learning_outcome,Learning outcome 2,4.0,moderate,LO2. analyse open-ended business scenarios and evaluate the implications of information systems decisions,explicit scenario method,https://www.sydney.edu.au/units/INFS3600/2026-S2C-ND-CC
INFS3600,UG,Work-Integrated and Applied Learning,LO03,learning_outcome,Learning outcome 3,4.0,moderate,LO3. apply techniques for organisational and business process analyses to resolve an actual business problem,actual organisation or professional context,https://www.sydney.edu.au/units/INFS3600/2026-S2C-ND-CC
INFS3600,UG,Project- and Problem-Based Learning,LO03,learning_outcome,Learning outcome 3,4.0,moderate,LO3. apply techniques for organisational and business process analyses to resolve an actual business problem,authentic problem or challenge,https://www.sydney.edu.au/units/INFS3600/2026-S2C-ND-CC
INFS3600,UG,Work-Integrated and Applied Learning,LO04,learning_outcome,Learning outcome 4,4.0,moderate,"LO4. communicate in a professional and confident manner, both orally and in writing, with actual business professionals",actual organisation or professional context,https://www.sydney.edu.au/units/INFS3600/2026-S2C-ND-CC
INFS3600,UG,Work-Integrated and Applied Learning,AS03,assessment,"Group project presentation Students deliver a prepared presentation, followed by a supervised in-class Q&A. During the Q&A, verified students respond to teaching staff questions under supervision and without unapproved external assistance.",3.5,moderate,"Type: Q&A following presentation, submission or placement. Description: Group project presentation Students deliver a prepared presentation, followed by a supervised in-class Q&A. During the Q&A, verified students respond to teaching staff questions under supervision and without unapproved external assistance.",professional presentation,https://www.sydney.edu.au/units/INFS3600/2026-S2C-ND-CC
INFS3600,UG,Work-Integrated and Applied Learning,WK13,weekly_schedule,Week 13: Project presentations,3.5,moderate,Project presentations. Learning activity: Seminar (3 hr),professional presentation,https://www.sydney.edu.au/units/INFS3600/2026-S2C-ND-CC
INFS5002,PG,Work-Integrated and Applied Learning,AS05,assessment,Group project Presentation Each team should offer a 3-minute proposal presentation followed by a 5-minute Q&A. see Canvas.,3.5,moderate,Type: Presentation. Description: Group project Presentation Each team should offer a 3-minute proposal presentation followed by a 5-minute Q&A. see Canvas.,professional presentation,https://www.sydney.edu.au/units/INFS5002/2026-S2C-ND-CC
INFS5002,PG,Project- and Problem-Based Learning,WK04,weekly_schedule,Week 04: Workshop - Design Thinking,3.5,moderate,Workshop - Design Thinking. Learning activity: Seminar (3 hr),design and prototype method,https://www.sydney.edu.au/units/INFS5002/2026-S2C-ND-CC
INFS6012,PG,Project- and Problem-Based Learning,LO07,learning_outcome,Learning outcome 7,4.0,moderate,LO7. apply the principles of IT resources management to effectively solve real-world problems.,authentic problem or challenge,https://www.sydney.edu.au/units/INFS6012/2026-S1C-ND-CC
INFS6012,PG,Work-Integrated and Applied Learning,AS05,assessment,Group project presentation Report,3.5,moderate,Type: Presentation. Description: Group project presentation Report,professional presentation,https://www.sydney.edu.au/units/INFS6012/2026-S1C-ND-CC
INFS6016,PG,Work-Integrated and Applied Learning,AS04,assessment,Group project presentation Group project presentation,3.5,moderate,Type: Presentation. Description: Group project presentation Group project presentation,professional presentation,https://www.sydney.edu.au/units/INFS6016/2026-S1C-ND-CC
INFS6016,PG,Work-Integrated and Applied Learning,AD03,assessment_description,Assessment description 3,3.5,moderate,"Group project presentation: All students in each team will design, develop, and present the critical details from the group assignment report.",professional presentation,https://www.sydney.edu.au/units/INFS6016/2026-S1C-ND-CC
INFS6018,PG,Work-Integrated and Applied Learning,AS04,assessment,Group project presentation Group presentation of written report and related analysis,3.5,moderate,Type: Presentation. Description: Group project presentation Group presentation of written report and related analysis,professional presentation,https://www.sydney.edu.au/units/INFS6018/2026-S1C-ND-CC
INFS6023,PG,Work-Integrated and Applied Learning,AS06,assessment,Group project presentation Presentation,3.5,moderate,Type: Presentation. Description: Group project presentation Presentation,professional presentation,https://www.sydney.edu.au/units/INFS6023/2026-S2C-ND-CC
INFS6023,PG,Work-Integrated and Applied Learning,AD05,assessment_description,Assessment description 5,3.5,moderate,Group Project Presentation: The purpose of this assignment is for students to evaluate and recommend data visualisation solutions in a manner relevant to decision makers. The assignment will assess students on their ability to utilize essential business communication skills and correspond with an audience in oral and interactive forms.,professional presentation,https://www.sydney.edu.au/units/INFS6023/2026-S2C-ND-CC
INFS6023,PG,Case-Based Learning,WK06,weekly_schedule,Week 06: Comprehensive Case Discussion,4.0,moderate,Comprehensive Case Discussion. Learning activity: Seminar (3 hr),case activity,https://www.sydney.edu.au/units/INFS6023/2026-S2C-ND-CC
INFS6024,PG,Work-Integrated and Applied Learning,AS06,assessment,Group project presentation Presentation,3.5,moderate,Type: Presentation. Description: Group project presentation Presentation,professional presentation,https://www.sydney.edu.au/units/INFS6024/2026-S1C-NE-CC
INFS6026,PG,Case-Based Learning,LO04,learning_outcome,Learning outcome 4,4.0,moderate,LO4. Evaluate managerial approaches for addressing cybersecurity threats and attacks using real-world scenarios,explicit scenario method,https://www.sydney.edu.au/units/INFS6026/2026-S2C-ND-CC
INFS6026,PG,Work-Integrated and Applied Learning,WK13,weekly_schedule,Week 13: Final Group Project Presentations,3.5,moderate,Final Group Project Presentations. Learning activity: Seminar (3 hr),professional presentation,https://www.sydney.edu.au/units/INFS6026/2026-S2C-ND-CC
INFS6032,PG,Project- and Problem-Based Learning,OV01,overview,Overview paragraph 1,3.5,moderate,"Traditional approaches to project management and design work well under stable conditions, when intended outcomes are well understood. Yet, under conditional of market disruption, in innovation projects, new product development or for start-up businesses, traditional methods are often restrictive and inflexible. Agile Project Management and Design Thinking offer alternative approaches that value continuous change, flexibility, time-to-market, interactive learning and self-organisation over rigorous planning and design processes. In this unit, students will learn the ethos, principles, and methods of agile project management and design thinking. Students will experience hands-on techniques such as design thinking, learn management and Scrum as applied in practice. Learning will revolve around practical activities, insights from experienced guest speakers and case studies representing various industries.",design and prototype method,https://www.sydney.edu.au/units/INFS6032/2026-S1C-ND-CC
INFS6032,PG,Entrepreneurial Learning,OV01,overview,Overview paragraph 1,4.0,moderate,"Traditional approaches to project management and design work well under stable conditions, when intended outcomes are well understood. Yet, under conditional of market disruption, in innovation projects, new product development or for start-up businesses, traditional methods are often restrictive and inflexible. Agile Project Management and Design Thinking offer alternative approaches that value continuous change, flexibility, time-to-market, interactive learning and self-organisation over rigorous planning and design processes. In this unit, students will learn the ethos, principles, and methods of agile project management and design thinking. Students will experience hands-on techniques such as design thinking, learn management and Scrum as applied in practice. Learning will revolve around practical activities, insights from experienced guest speakers and case studies representing various industries.",explicit entrepreneurship or startup,https://www.sydney.edu.au/units/INFS6032/2026-S1C-ND-CC
INFS6032,PG,Project- and Problem-Based Learning,LO03,learning_outcome,Learning outcome 3,3.5,moderate,LO3. describe and apply foundational design thinking practices,design and prototype method,https://www.sydney.edu.au/units/INFS6032/2026-S1C-ND-CC
INFS6032,PG,Project- and Problem-Based Learning,LO04,learning_outcome,Learning outcome 4,3.5,moderate,LO4. reflect critically about key issues in agile project management and design thinking and communicate your reflections effectively,design and prototype method,https://www.sydney.edu.au/units/INFS6032/2026-S1C-ND-CC
INFS6032,PG,Project- and Problem-Based Learning,LO05,learning_outcome,Learning outcome 5,3.5,moderate,LO5. engage effectively in team-based agile project management and design thinking practices,design and prototype method,https://www.sydney.edu.au/units/INFS6032/2026-S1C-ND-CC
INFS6032,PG,Project- and Problem-Based Learning,LO06,learning_outcome,Learning outcome 6,3.5,moderate,LO6. communicate effectively in group work situations in accordance with agile project management and design thinking practices,design and prototype method,https://www.sydney.edu.au/units/INFS6032/2026-S1C-ND-CC
INFS6032,PG,Project- and Problem-Based Learning,AD03,assessment_description,Assessment description 3,3.5,moderate,"Product owner meetings: The purpose of PO meetings is for students to engage in time-boxed discussions with a designated product owner from the teaching team to review each sprint’s MVP. Teams use targeted feedback on personas, design thinking, and concept development to refine their work and guide priorities for the next sprint, with an emphasis on learning and iteration rather than polished outcomes.",design and prototype method,https://www.sydney.edu.au/units/INFS6032/2026-S1C-ND-CC
INFS6032,PG,Project- and Problem-Based Learning,AD04,assessment_description,Assessment description 4,7.5,high,"Agile project delivery: The objective of the agile project is to use the knowledge and practical skills in agile projects and design thinking acquired in this unit of study to apply to a real-world problem. The focus of this project is in applying appropriate techniques and practices in creating the desired project outcome represented in diagrams, video and textual elements. While the outcome as such is not unimportant, the focus of this assignment and its assessment is on the application of the agile project management and design thinking techniques.",authentic problem or challenge; design and prototype method,https://www.sydney.edu.au/units/INFS6032/2026-S1C-ND-CC
INFS6032,PG,Project- and Problem-Based Learning,AD05,assessment_description,Assessment description 5,3.5,moderate,"Essay: The purpose of the essay is to demonstrate grasp of the agile philosophy and principles, as well as the agile project management and design thinking practices and techniques. The focus of the essay will lie in synthesising the learnings derived from the unit of study.",design and prototype method,https://www.sydney.edu.au/units/INFS6032/2026-S1C-ND-CC
INFS6032,PG,Project- and Problem-Based Learning,WK03,weekly_schedule,"Week 03: Practices, principles and philosophy of design thinking",3.5,moderate,"Practices, principles and philosophy of design thinking. Learning activity: Seminar (3 hr)",design and prototype method,https://www.sydney.edu.au/units/INFS6032/2026-S1C-ND-CC
INFS6066,PG,Project- and Problem-Based Learning,LO04,learning_outcome,Learning outcome 4,3.5,moderate,"LO4. Create and assess alternative scenario prototypes of socio-technical systems at individual, organizational and societal levels.",design and prototype method,https://www.sydney.edu.au/units/INFS6066/2026-S2C-ND-CC
INFS6066,PG,Work-Integrated and Applied Learning,AD02,assessment_description,Assessment description 2,3.5,moderate,Group project presentations/demonstrations in class (10 minutes exhibition including Q&A during week 8. 750 word writeup due same day.),professional presentation,https://www.sydney.edu.au/units/INFS6066/2026-S2C-ND-CC
INFS6071,PG,Project- and Problem-Based Learning,AD05,assessment_description,Assessment description 5,6.0,high,"Group Project Assignment: This assignment adopts a Project-Based Learning (PBL) approach, in which student teams act as a project planning team, developing a comprehensive project planning portfolio for a simulated, realistic organisational project.",explicit project or problem-based method; generic project planning,https://www.sydney.edu.au/units/INFS6071/2026-S2C-ND-CC
INFS6600,PG,Work-Integrated and Applied Learning,OV01,overview,Overview paragraph 1,10.5,high,"This unit bridges the gap between theory and practice by integrating the knowledge and key skills developed across the Digital Business or Business Information Systems specialisation. It provides students with a practical teamwork experience to identify, analyse, and solve contemporary problems by exploring the socio-technical ecosystem in which a digital business operates. This experiential learning opportunity enhances students’ career-readiness by consolidating their professional skills and ability to apply the Business Information Systems knowledge in authentic situations.",authentic practice; theory-practice integration; practical teamwork; career readiness,https://www.sydney.edu.au/units/INFS6600/2026-S2C-NE-CC
INFS6600,PG,Work-Integrated and Applied Learning,LO01,learning_outcome,Learning outcome 1,4.0,moderate,LO1. Apply advanced principles and theories related to digital business and information systems in the context of an actual business organisation,actual organisation or professional context,https://www.sydney.edu.au/units/INFS6600/2026-S2C-NE-CC
INFS6600,PG,Case-Based Learning,LO02,learning_outcome,Learning outcome 2,4.0,moderate,LO2. Analyse open-ended business scenarios and evaluate the implications of digital technologies for business,explicit scenario method,https://www.sydney.edu.au/units/INFS6600/2026-S2C-NE-CC
INFS6600,PG,Work-Integrated and Applied Learning,LO03,learning_outcome,Learning outcome 3,4.0,moderate,LO3. Apply techniques for organisational and business process analyses to resolve an actual business problem,actual organisation or professional context,https://www.sydney.edu.au/units/INFS6600/2026-S2C-NE-CC
INFS6600,PG,Project- and Problem-Based Learning,LO03,learning_outcome,Learning outcome 3,4.0,moderate,LO3. Apply techniques for organisational and business process analyses to resolve an actual business problem,authentic problem or challenge,https://www.sydney.edu.au/units/INFS6600/2026-S2C-NE-CC
INFS6600,PG,Work-Integrated and Applied Learning,LO04,learning_outcome,Learning outcome 4,4.0,moderate,"LO4. Communicate in a professional and confident manner, both orally and in writing, with actual business professionals",actual organisation or professional context,https://www.sydney.edu.au/units/INFS6600/2026-S2C-NE-CC
INFS6600,PG,Work-Integrated and Applied Learning,AS06,assessment,"Business Models Submission of partner's business, operating models, and IS architecture",4.0,moderate,"Type: Case studies. Description: Business Models Submission of partner's business, operating models, and IS architecture",industry or business partner,https://www.sydney.edu.au/units/INFS6600/2026-S2C-NE-CC
INFS6600,PG,Work-Integrated and Applied Learning,AS08,assessment,Pitch to Partner Slides submission before class Delivered during class time,4.0,moderate,Type: Presentation. Description: Pitch to Partner Slides submission before class Delivered during class time,industry or business partner,https://www.sydney.edu.au/units/INFS6600/2026-S2C-NE-CC
INFS6600,PG,Work-Integrated and Applied Learning,AS10,assessment,Boardroom Presentation Slides submission before class Live presentation,3.5,moderate,Type: Presentation. Description: Boardroom Presentation Slides submission before class Live presentation,professional presentation,https://www.sydney.edu.au/units/INFS6600/2026-S2C-NE-CC
INFS6600,PG,Work-Integrated and Applied Learning,AS11,assessment,Boardroom Presentation Q&A Q&A post boardroom presentation,3.5,moderate,"Type: Q&A following presentation, submission or placement. Description: Boardroom Presentation Q&A Q&A post boardroom presentation",professional presentation,https://www.sydney.edu.au/units/INFS6600/2026-S2C-NE-CC
INFS6600,PG,Work-Integrated and Applied Learning,AD02,assessment_description,Assessment description 2,4.0,moderate,"Business Models - submission of partner's business business and operating models, and IS architecture.",industry or business partner,https://www.sydney.edu.au/units/INFS6600/2026-S2C-NE-CC
INFS6600,PG,Work-Integrated and Applied Learning,AD03,assessment_description,Assessment description 3,4.0,moderate,"Pitch to Partner - presentation of a compelling case for problem/ opportunity and a project plan.Collection of feedback from partner, academics, and peers.",industry or business partner,https://www.sydney.edu.au/units/INFS6600/2026-S2C-NE-CC
INFS6600,PG,Work-Integrated and Applied Learning,AD07,assessment_description,Assessment description 7,3.5,moderate,Boardroom Presentation and Q&A - presentation of the project work with focus on solution recommendation followed by Q&A.,professional presentation,https://www.sydney.edu.au/units/INFS6600/2026-S2C-NE-CC
INFS6600,PG,Project- and Problem-Based Learning,WK01,weekly_schedule,Week 01: Unit Introduction & Project Immersion,3.5,moderate,Unit Introduction & Project Immersion. Learning activity: Seminar (3 hr),project immersion,https://www.sydney.edu.au/units/INFS6600/2026-S2C-NE-CC
INFS6600,PG,Work-Integrated and Applied Learning,WK02,weekly_schedule,Week 02: Partner Briefing & Group Collaboration,4.0,moderate,Partner Briefing & Group Collaboration. Learning activity: Seminar (3 hr),industry or business partner,https://www.sydney.edu.au/units/INFS6600/2026-S2C-NE-CC
INFS6600,PG,Project- and Problem-Based Learning,WK03,weekly_schedule,Week 03: Problem & Opportunity Scoping,3.5,moderate,Problem & Opportunity Scoping. Learning activity: Seminar (3 hr),problem and opportunity scoping,https://www.sydney.edu.au/units/INFS6600/2026-S2C-NE-CC
INFS6600,PG,Work-Integrated and Applied Learning,WK05,weekly_schedule,Week 05: Pitch to Partner,4.0,moderate,Pitch to Partner. Learning activity: Seminar (3 hr),industry or business partner,https://www.sydney.edu.au/units/INFS6600/2026-S2C-NE-CC
INFS6600,PG,Project- and Problem-Based Learning,WK09,weekly_schedule,Week 09: Prototype Validation,3.5,moderate,Prototype Validation. Learning activity: Seminar (3 hr),design and prototype method,https://www.sydney.edu.au/units/INFS6600/2026-S2C-NE-CC
INFS6600,PG,Work-Integrated and Applied Learning,WK12,weekly_schedule,Week 12: Boardroom Presentation,3.5,moderate,Boardroom Presentation. Learning activity: Seminar (3 hr),professional presentation,https://www.sydney.edu.au/units/INFS6600/2026-S2C-NE-CC
